Text,Label
sms reminders creditcardco vague cryptic supposed remember due date without clear information confusingmessages,3
hey creditcardco integrating payment reminder ales viual assistant platforms like siri google assistant would make convenient customers stay informed paymentreminders,3
notification creditcardco changes credit limit arrived already made large purchase poor timing lack consideration untimelycommunication,3
due date reminders creditcardco easily overlooked cluttered inbox need attention grabbing format subject line getnoticed,3
dear creditcardco offering two day grace period payment due date could helpful customers occasionally miss deadline paymentreminders,3
apologize inconvenience caused timing communication feedback impoant working enhancing communication strategies ensure timely effective delivery thank patience improvedtimeliness,3
hey creditcardco sending payment reminders day due date counterproductive give customers enough time respond lastminutereminder,3
apologize inconvenience caused timing communication feedback impoant working enhancing communication strategies ensure timely effective delivery thank patience improvedtimeliness,3
hey creditcardco sending payment due reminders due date passed counterproductive improve timing latereminder,3
suggestion creditcardco implement mobile app feature sends push notifications payment reminders ensuring timely payments paymentreminders,3
hey creditcardco integrating payment reminder ales viual assistant platforms like siri google assistant would make convenient customers stay informed paymentreminders,3
suggestion creditcardco explore option sending payment reminders social media platforms like twitter facebook quick easy access paymentreminders,3
dear creditcardco providing option customers schedule payment reminder calls texts specific times suit preferences would helpful paymentreminders,3
suggestion creditcardco offering dedicated mobile app widget displays upcoming payment due dates home screen would serve constant reminder paymentreminders,3
understand impoance timely communication feedback valuable actively working enhance timing messages better serve thank patience improvedtiming,3
kudos creditcardco interactive chatbot service payment reminders user friendly accessible way receive notifications paymentreminders,3
apologize inconvenience caused timing communication feedback impoant working enhancing communication strategies ensure timely effective delivery thank patience improvedtimeliness,3
understand impoance timely communication feedback valuable actively working enhance timing messages better serve thank patience improvedtiming,3
apologize timing communication feedback valuable working improve effectiveness relevance messages thank bringing attention timelycommunication,3
hey creditcardco integrating payment reminders popular personal finance apps would convenient users stay top payments paymentreminders,3
hey creditcardco incorporating sms based payment reminders direct link one click payment could simplify process customers paymentreminders,3
feeling frustrated creditcardco reminder system unreliable inconsistent afford keep missing due dates latepaymentissues,3
creditcardco still using carrier pigeons send due date reminders slow unreliable leaves room errors pigeonmailissues,3
checks voicemail days creditcardco using voicemail primary mode sending reminders ineffective outdated voicemailwoes,3
missed another due date creditcardco reminder system sends notifications business hours reminders evening weekends limitedavailability,3
hey creditcardco sending payment reminder day due date helpful give customers time take action lastminutereminder,3
smoke signals used creditcardco send reminders must fading quickly time upgrade efficient options smokesignalissues,3
email primary mode communication creditcardco still sending paper reminders often get lost mail paperwaste,3
creditcardco sending reminders carrier pigeons might sound charming reliable timely birddeliveryfail,3
creditcardco mobile push notification reminder option much effective relying emails calls outdatednotifications,3
carrier pigeons delivering creditcardco reminders must gotten lost please switch reliable methods pigeonpostfail,3
telegrams creditcardco due date reminders seriously time embrace modern efficient communication channels timetoupgrade,3
creditcardco reminder system allow customization want choose receive reminders align schedule onesizedoesntfitall,3
received due date reminder letter creditcardco week due date helpful slowmaildelivery,3
smoke signals used creditcardco reminders keep getting lost wind need reliable communication method inefficientsmokesignals,3
set reminders creditcardco app never seem work unreliable defeating purpose reminder feature appglitch,3
friendly reminder creditcardco suppo team seem know meaning urgency,3
shoutout creditcardco reliable suppo reassuring know assistance call away matter time day alwaysthereforcustomers,3
hey creditcardco reminder system needs overhaul simply effective preventing missed due dates timeforchange,3
appreciate creditcardco effos sending reminders morse code practical today fast paced world morsecodemishaps,3
frustrating creditcardco reminder system offer multiple notification options everyone checks email regularly limitedreminders,3
receiving reminder carrier pigeon creditcardco might charming practical today fast paced world slowandinefficient,3
receiving reminder telegrams creditcardco feels like scene period drama let move century shall telegraphtroubles,3
reminder calls creditcardco always automated lack personalized information easy ignore forget roboticreminders,3
reminder messages creditcardco generic catch attention anymore need something engaging memorable lacklusterreminders,3
tired relying creditcardco reminder system unreliable caused accrue unnecessary late fees inaccuratereminders,3
creditcardco reminder emails straight spam folder causing miss due dates needs fixed asap emailfail,3
received fax creditcardco reminder please enter digital age faxinthedigitalera,3
creditcardco reminder system send notifications day due date enough time make payment lastminutereminders,3
creditcardco sending reminders via fax relic past time catch modern communication methods faxfail,3
apologize inconvenience caused timing communication feedback valuable working diligently improve communication strategies better meet needs improvedtiming,3
dear creditcardco consider adding customizable payment reminder notifications allowing users set preferred dates times paymentreminders,3
hey creditcardco automated phone call reminder system upcoming payments would great sometimes texts emails get overlooked paymentreminders,3
understand impoance timely communication feedback valuable actively working enhance timing messages better serve thank patience improvedtiming,3
hey creditcardco consider implementing missed payment ale system notifies customers immediately payment overlooked helping avoid late fees paymentreminders,3
dear creditcardco offering option receive payment reminders via whatsapp popular messaging apps would convenient customers paymentreminders,3
suggestion creditcardco consider introducing voice enabled sma speaker reminders payment due dates offering innovative hands free approach paymentreminders,3
credit card rewards program creditcardco convoluted even figure redeem points rewardfrustration,2
loyal customer creditcardco reward program feels like one sided deal annual fee keeps increasing rewards keep shrinking unbalanced,2
creditcardco reward program needs major overhaul accumulated many points redemption options lackluster uninspiring rewardprogramfail,2
feeling frustrated creditcardco reward program points expire quickly making impossible save meaningful redemption shoexpiration,2
choosing right credit card requires careful consideration interest rates fees rewards programs impoant compare options making decision creditcardselection,2
credit card rewards programs offer value essential assess spending habits choose program aligns personal preferences rewardsevaluation,2
credit card received creditcardco match features rewards adveised letdown mismatchedoffer,2
curious learn new credit card schemes creditcardco offer better rewards perks compared existing ones competition,2
impressed generous rewards program offered creditcardco able earn valuable points redeem amazing perks rewardingexperience,2
announcement creditcardco schemes generating buzz reserve opinion information eligibility criteria rewards structure informeddecisions,2
thanks credit card rewards program redeemed points free flight best feeling ever rewardsprogram,2
credit card rewards earned regular spending impoant assess whether benefits offset potential interest charges fees rewardsassessment,2
grateful creditcardco competitive cashback program rewarding earn money back spending cashbackbonanza,2
received credit card offer creditcardco rewards program align spending habits research mismatchedoffer,2
feeling deceived creditcardco reward program enticing sign bonus turned nearly impossible achieve due hidden spending requirements falsepromises,2
received notice creditcardco reducing cashback percentage consider would affect loyal customers rewardsdevaluation,2
hey creditcardco reward points low redemption value disheaening see little loyalty woh undervaluedrewards,2
excited hear new credit card schemes announced creditcardco looking forward exploring benefits rewards offer creditcardschemes,2
reward program offered creditcardco simply woh high spending requirements minimal benefits make hassle perk notwohit,2
feeling deceived creditcardco reward program enticing sign bonus turned nearly impossible achieve due hidden spending requirements falsepromises,2
creditcardco reward program needs upgrade lack innovative features personalized offers falling behind competitors market outdated,2
hey creditcardco reward points low redemption value disheaening see little loyalty woh undervaluedrewards,2
tired receiving promotional emails creditcardco amazing reward program find offers irrelevant unattainable misleadingads,2
feeling frustrated creditcardco reward program annual fee keeps increasing benefits remain stagnant time switch better option timetomoveon,2
years using creditcardco expected better reward program limited selection merchandise travel options disappointing limitedchoices,2
creditcardco reward program needs major overhaul accumulated many points redemption options lackluster uninspiring rewardprogramfail,2
creditcardco reward program needs upgrade lack innovative features personalized offers falling behind competitors market outdated,2
reward program offered creditcardco simply woh high spending requirements minimal benefits make hassle perk notwohit,2
hey creditcardco changing rewards redemption rates without notice unfair customers say decisions unilateralchanges,2
tired receiving promotional emails creditcardco amazing reward program find offers irrelevant unattainable misleadingads,2
feeling frustrated creditcardco reward program annual fee keeps increasing benefits remain stagnant time switch better option timetomoveon,2
trying redeem reward points flight creditcardco blackout dates restrictions make nearly impossible find suitable time redemptionhurdles,2
hey creditcardco adveise amazing rewards offer limited availability feels like bait switch tactic falsepromises,2
big thumbs creditcardco exceptional rewards redemption process straightforward hassle free easyredemption,2
years using creditcardco expected better reward program limited selection merchandise travel options disappointing limitedchoices,2
shoutout creditcardco exceptional suppo resolving credit card reward redemption issue patiently worked resolve problem credited missing rewards highly appreciated rewardredemption,2
finally managed redeem reward points weeks back foh creditcardco customer service process complicated redemptionstruggles,2
loyal customer creditcardco reward program feels like one sided deal annual fee keeps increasing rewards keep shrinking unbalanced,2
trying redeem reward points flight creditcardco blackout dates restrictions make nearly impossible find suitable time redemptionhurdles,2
feeling frustrated creditcardco reward program points expire quickly making impossible save meaningful redemption shoexpiration,2
finally managed redeem reward points weeks back foh creditcardco customer service process complicated redemptionstruggles,2
hey creditcardco adveise amazing rewards offer limited availability feels like bait switch tactic falsepromises,2
hey creditcardco changing rewards program accumulated points unfair bait switch loyal customers rewardsmanipulation,2
impressed exceptional rewards rate creditcardco satisfying earn rewards everyday purchases rewardsgalore,2
credit card rewards earned creditcardco expired could redeem frustrating feels like waste expiredrewards,2
apologize incorrect reward points balance card team rectifying issue ensure accurate balance reflected thank patience rewardpoints,2
tired creditcardco misleading rewards program adveise fantastic benefits nearly impossible redeem emptypromises,2
apologize confusion regarding credit card rewards redemption process customer suppo team guide steps address concerns redeemrewards,2
tired creditcardco complex confusing rewards program nearly impossible understand maximize benefits complicatedrewards,2
shoutout creditcardco stellar response credit card reward redemption problem promptly resolved issue received redeemed rewards without hassle thank valuing customers rewardprogram,2
trying redeem rewards points creditcardco months redemption process overly complicated time consuming redemptionfrustration,2
impressed rewards structure new credit card schemes introduced creditcardco seem offer excellent incentives cardholders rewardsprogram,2
martinslewis itvmlshow message barclays reward card change foreign transactions august,2
barclaysukhelp information sent refers platinum card reward card astonished record date global alliance ceased,2
barclaysukhelp referring debit card barclaycard reward visa credit card,2
barclaysuk actually pay back money monthly get charged extra get rejected card laughable well wanted get avios points,2
jennibuttonusa sarahliz adamundefined cracking birthday thread credit cards anyone know kept chase southwest card whole time ramsey two chase cards barclays american almost covered flights italy summer,2
discovered creditcardco called exclusive offer retired pensioners nothing trap hidden fees high costs pushing financial hardship deceptivesales misselling,4
feeling betrayed creditcardco marketed product specifically retired pensioners promising financial security burdened unmanageable debt targetedexploitation misselling,4
trusted creditcardco products suitable retired pensioners took advantage vulnerability high cost product sold causing immense financial stress predatorypractices misselling,4
feeling betrayed creditcardco marketed product specifically retired pensioners promising financial security burdened unmanageable debt targetedexploitation misselling,4
feeling scammed creditcardco convinced purchase high cost product promising incredible benefits turned total rip fraudulentsales misselling,4
creditcardco high default interest rates like want profit people financial struggles exploitativepricing,4
beware creditcardco tactics pushed high cost product suit needs shameful sales practices deceptivesales misselling,4
discovered creditcardco called exclusive offer retired pensioners nothing trap hidden fees high costs pushing financial hardship deceptivesales misselling,4
realized high cost product purchased credit card completely misrepresented creditcardco unacceptable missold misselling,4
hats bank transparency accountability acknowledged mis selling credit cards reached affected customers offered suitable solutions refreshing see integrity transparency impressive,4
seriously creditcardco justify exorbitant annual fees high interest rates feels like rip unfairpricing,4
creditcardco pricing structure maze navigate hidden fees penalties confusing terms make impossible understand paying transparencyplease,4
got hit unexpected charges creditcardco upfront pricing pricesurprise,4
loyal customer expect better creditcardco arbitrary pricing changes leaving sour taste mouth customerdissatisfaction,4
dear creditcardco tiered pricing system seems like way squeeze money hardworking individuals pricediscrimination,4
tired creditcardco unpredictable pricing time transparency fair treatment customers pricestability,4
hey creditcardco pricing changes without warning making difficult budget get consistency please budgetingnightmare,4
creditcardco pricing games driving crazy like never ending roller coaster charges fees pricemadness,4
frustrating creditcardco lures customers low introductory rates skyrocket later deceptive pricing please falsepromises,4
dear creditcardco pricing tactics predatory unfair stop preying people financial vulnerability unethicalpricing,4
hey creditcardco hidden fees fine print masterclass deceptive pricing time clean act pricingtricks,4
creditcardco pricing structure nightmare like want confuse frustrate customers purpose customerexploitation,4
hey creditcardco pricing touch reality people struggling making worse unjust charges insensitivepricing,4
creditcardco pricing structure designed trap people debt time prioritize financial well profits debttrap,4
dear creditcardco pricing changes like bad soap opera think another twist neverendingfees,4
creditcardco pricing transparency non existent time come clean stop hiding behind confusing terms conditions hiddencharges,4
creditcardco pricing structure maze escape time simplify provide clarity customers pricingconfusion,4
another month another surprise fee creditcardco like making charges see much get away feefrustration,4
tired creditcardco predatory pricing structure intentionally keep interest rates sky high trap customers debt predatorylending,4
frustrated creditcardco pricing structure purposely make terms confusing take advantage customers lack understanding exploitativepractices,4
creditcardco sales representative misled buying expensive product need feeling cheated deceived misselling,4
beware creditcardco tactics pushed high cost product suit needs shameful sales practices deceptivesales misselling,4
realized high cost product purchased credit card completely misrepresented creditcardco unacceptable missold misselling,4
feeling deceived creditcardco aggressive sales tactics pushed signing credit card hidden fees high interest rates missold,4
feeling scammed creditcardco convinced purchase high cost product promising incredible benefits turned total rip fraudulentsales misselling,4
trusted creditcardco took advantage trust sold ridiculously expensive product could gotten much less elsewhere exploitation misselling,4
hey creditcardco pricing fluctuations giving whiplash hard keep ever changing fees interest rates confusedcustomer,4
hey creditcardco sudden increase interest rates feels like stab back give break unreasonablepricing,4
creditcardco disappointing see pricing structure favoring wealthy struggling make ends meet inequality,4
seriously creditcardco another rate hike time stop squeezing customers sta offering fair pricing enoughisenough,4
someone explain creditcardco charges double digit interest rates offering minimal benefits highway robbery ripoff,4
enough pricing surprises creditcardco impossible trust keep changing rules unpredictablefees,4
tired feeling like cash cow creditcardco pricing scheme designed bleed dry enoughofthis,4
hey creditcardco way manipulate interest rates feels like betrayal deserve better predatory pricing betrayedbyfees,4
creditcardco sales representative misled buying expensive product need feeling cheated deceived misselling,4
trusted creditcardco products suitable retired pensioners took advantage vulnerability high cost product sold causing immense financial stress predatorypractices misselling,4
shame creditcardco preying retired pensioners limited income sold product drained savings leaving struggling make ends meet financialexploitation misselling,4
shame creditcardco preying retired pensioners limited income sold product drained savings leaving struggling make ends meet financialexploitation misselling,4
disgusted creditcardco targeting retired pensioners low income selling high cost products afford exploiting vulnerable individuals despicable misselling,4
disgusted creditcardco targeting retired pensioners low income selling high cost products afford exploiting vulnerable individuals despicable misselling,4
trusted creditcardco took advantage trust sold ridiculously expensive product could gotten much less elsewhere exploitation misselling,4
castellinda terrible customer service barclays jetblue card mastercard minutes explain reps reverse fees,4
creditcardco always send impoant updates weekends holidays customer service unavailable inconvenient frustrating pooiming,1
creditcardco always send impoant updates peak business hours difficult reach customer service consider availability inconvenienttiming,1
received promotional email creditcardco limited time offer expired even read improve timing please missedoppounity,1
refreshing see company take responsibility mis selling credit card kudos bank acknowledging issue working towards fair resolution appreciate commitment customer satisfaction accountability impressed,1
got caught mis selling incident credit card bank resolution team top rectified issue swiftly leaving positive impression thanks quick response effectiveresolution satisfiedcustomer,1
customer service creditcardco needs serious improvement unhelpful lack knowledge reward program terms conditions poorsuppo,1
customer service creditcardco needs serious improvement unhelpful lack knowledge reward program terms conditions poorsuppo,1
trying reach customer suppo inquire reward points keep transferring one depament another creditcardco get act together customerservicefail,1
finally got credit card issue resolved shout customer service team handling mis selling situation promptly professionally kudos greatservic problemsolved,1
sometimes mistakes happen resolved matters appreciate quick response bank regarding mis selling credit card good job rectifying situation customerfirst satisfied,1
bit hiccup credit card due mis selling must say bank suppo team fantastic took immediate action clarified everything got soed thank prompt assistance responsiveservice grateful,1
dealing mis sold credit card stressful must say bank customer service team handled exceptionally well patient understanding resolved issue efficiently grateful suppo customercare relieved,1
incredible creditcardco manages consistently provide terrible customer suppo customerdissatisfaction,1
creditcardco suppo team needs lesson responsiveness emails calls unanswered,1
creditcardco adveise suppo hotline nobody ever picks customer service joke,1
beyond frustrated creditcardco suppo one seems care resolving issue,1
bother contacting creditcardco suppo keep hold forever provide solution,1
hey creditcardco suppo team lack urgency costing money time unacceptable,1
seriously regretting choosing creditcardco suppo non existent actually need help,1
creditcardco customers deserve better stuck hold indefinitely improve suppo system,1
dealing creditcardco suppo nightmare never follow promises made,1
creditcardco suppo team incompetence pushing loyal customers away time step game,1
another day another ignored creditcardco suppo account like shouting void,1
disappointed creditcardco lack empathy assistance suppo letdown,1
got phone creditcardco suppo three transfers still solution customerservicefail,1
creditcardco suppo team negligence huing reputation customers deserve better treatment,1
wasted hours trying reach creditcardco suppo simple query response help,1
creditcardco suppo email goes black hole months still resolution customerneglect,1
frustrating creditcardco suppo line disconnects holding hour joke,1
believe difficult reach creditcardco suppo team response assistance customerdisappointment,1
creditcardco lack response assistance clear indication poor customer suppo unsatisfied,1
hold creditcardco suppo umpteenth time maybe one day someone pick,1
big shoutout creditcardco superb customer suppo handled concerns utmost professionalism care customerserviceexcellence,1
blown away outstanding suppo received creditcardco resolved issue promptly left feeling valued customer impressivesuppo,1
thumbs creditcardco suppo team exceptional knowledge assistance guided process effolessly knowledgeablesuppo,1
want express gratitude creditcardco attentive personalized suppo truly care customers needs customercare,1
creditcardco suppo went beyond ensure satisfaction turned challenging situation positive experience goingtheextramile,1
kudos creditcardco well trained suppo team patient understanding resolved issue ease greatjob,1
excellent experience creditcardco suppo representative friendly efficient resolved concern time smoothresolution,1
impressed prompt response resolution provided creditcardco suppo team truly value customers time responsivesuppo,1
creditcardco suppo team saved day quick action problem solving skills turned potential disaster seamless experience customerheroes,1
want give shoutout creditcardco consistent reliable suppo never fail address concerns promptly reliableservice,1
huge thank creditcardco proactive suppo reached resolve issue even repoed yet proactiveassistance,1
impressed creditcardco suppo team dedication customer satisfaction went extra mile ensure positive experience customerhappiness,1
creditcardco suppo team deserves recognition exceptional communication skills listened attentively provided clear guidance effectivecommunication,1
want express appreciation creditcardco consistent high quality suppo set benchmark exceptional customer service industry customerserviceexemplary,1
trying reach customer suppo inquire reward points keep transferring one depament another creditcardco get act together customerservicefail,1
received promotional email creditcardco limited time offer expired even read improve timing please missedoppounity,1
hey creditcardco trying reach suppo team day luck anyone,1
creditcardco hold hour customer suppo complete disaster,1
got phone creditcardco suppo hour long wait solution provided customerservicefail,1
creditcardco lack response urgent issue extremely disappointing actual suppo,1
another day another ignored suppo ticket creditcardco even listening customers,1
trying reach creditcardco suppo feels like talking wall zero helpful assistance provided,1
seriously considering canceling card creditcardco customer suppo nonexistent,1
shoutout creditcardco worst suppo experience ever resolution wasted hours time,1
barclaysukhelp youre nice action dont even know account locked dont means get branch use online much new card ordered wallasey branch days registered app says still,1
barclays since already sent information barclays reason think received could make purchases cards literally credit card company issues pretty much every one fixes stuff instantly,1
barclaysukhelp itsstillsmee words however getting letter tomorrow telling interest rates mortgage credit card gone modern day highwaymen,1
barclaysukhelp new customer company waited days card amp pin arrived today full days opened account tried download app amp downloading could soon back natwest rate,1
lot come guardian lloydsbank hsbc barclays tescobanknews sold debts knew contaminated ppi mis selling laid house debt collector credit card customers realised liable debt,1
thinks banks barclays pay customers least every hour online services inaccessible closed many branches thank goodness credit card today invoice inconvenience,1
barclaysuk rang call centre reset card pin card reader still saying blocked long card reader gives option put pin,1
hey barclays thanks stopping old bank card new one arrived really helpful trying buy food,1
barclays people barclays bank help matter cash cows banks need harder screw best saving rate high street bank best credit card interest rate overdraft rate https zwabb,1
frontiercare ready cancel barclays guys try hard get passengers sign onto credit card totally dick around made payment credit card week ago money left bank acct last week,1
changed credit limit received text said struggle use debit card stay limit peak spending times could higher lower limit never defaulted paying statement,1
barclaycard martinslewis year old mum savings credit limit cut barclaycard regular payments going account mortgage loan repayments solvent policy makes sense please explain,1
dguillaume barclaycard sxa taking long supported practically every bank credit card company,1
keithbevan credit card companies cancel interest months would help barclays amex,1
barclaysukhelp zoe spoke multiple people day saturday including still ability pay bills transfer money promise call back account inaccessible apart using debit card really enough left hanging,1
barclaysukhelp opened young persons account never even received debit card months,1
barclaysukhelp recently applied barclays business account slight hiccup start got past finally got card pin needed call one piece info missing spoke ekaterina sorted everything professional polite,1
simonpulleyn thetimes credit card company fail cancel account wrote wrote second time relevant gov office complied barclays,1
barclaysukhelp dropped direct messages heard back still service trying use app pay bills transfer money debit card works pay bills either mine husbands account,1
barclaysuk written wife say regrettably reduce credit limit think stuck somewhere needs use card card years thanks nothing barclays absolute wankers,1
barclaysukhelp staff cancelled elderly grand mothers card leaving unable pay super disgusting mum getting staff cutting calls english speaking call center staff poor move bank whole family,1
hello thanks post sorry hear application card rejected assure lot taken consideration decision made take info credit file make sure meet eligibility card,1
apologize inconvenience caused pricing structure rest assured committed providing competitive transparent pricing benefits customers thank feedback transparentpolicies,0
thank bringing issue altered product pricing attention value feedback committed considering impact customers making changes customerfirst,0
apologize inconvenience caused pricing structure feedback impoant committed evaluating adjusting fees better align customer needs thank input customercentricapproach,0
thank bringing issue product pricing attention value feedback dedicated ensuring pricing changes communicated effectively customer impact mind customerfeedbackmatters,0
thank bringing issue product pricing attention value feedback dedicated ensuring pricing changes communicated effectively customer impact mind customerfeedbackmatters,0
thank sharing concerns altered product pricing genuinely appreciate feedback committed considering impact customers making pricing decisions customerimpactconsidered,0
thank bringing issue product pricing attention value feedback dedicated ensuring pricing changes communicated effectively customer impact mind customerfeedbackmatters,0
mis selling incidents frustrating glad bank listened concerns took corrective measures regained trust addressing situation promptly thank valuing customers trustrestored happycustomer,0
thank bringing issue altered product pricing attention take customer impact seriously carefully consider aspects making changes future customercentricapproach,0
apologize pricing structure caused inconvenience feedback valuable actively reviewing adjusting fees charges better serve customers thank understanding customeroriented,0
apologize pricing structure caused inconvenience feedback valuable actively reviewing adjusting fees charges better serve customers thank understanding customeroriented,0
thank bringing issue product pricing attention appreciate feedback committed considering customer impact feedback making pricing decisions customerfeedbackvalued,0
thank bringing issue product pricing attention appreciate feedback committed considering customer impact feedback making pricing decisions customerfeedbackvalued,0
thank bringing issue product pricing attention appreciate feedback committed considering customer impact feedback making pricing decisions customerfeedbackvalued,0
apologize pricing structure caused inconvenience feedback valuable actively reviewing adjusting fees charges better serve customers thank understanding customeroriented,0
apologize pricing structure caused inconvenience feedback helps ongoing effos ensure credit card fees charges reasonable customer friendly customerfirstapproach,0
apologize confusion caused pricing structure actively reassessing fee policies ensure align customer expectations fair thank bringing attention alignedwithcustomers,0
apologize inconvenience caused pricing structure rest assured committed providing competitive transparent pricing benefits customers thank feedback transparentpolicies,0
apologize inconvenience caused pricing structure rest assured committed providing competitive transparent pricing benefits customers thank feedback transparentpolicies,0
understand concerns regarding pricing structure rest assured continuously review fees charges ensure fairness appreciate feedback transparentpricing,0
apologize inconvenience caused pricing structure feedback impoant committed evaluating adjusting fees better align customer needs thank input customercentricapproach,0
apologize inconvenience caused pricing structure feedback impoant committed evaluating adjusting fees better align customer needs thank input customercentricapproach,0
thank sharing feedback regarding altered product pricing actively reviewing pricing strategies ensure align customer needs expectations customerfeedback,0
thank sharing feedback regarding product pricing genuinely appreciate input actively reviewing pricing models ensure fair reasonable customers fairpricingforall,0
thank sharing feedback regarding product pricing genuinely appreciate input actively reviewing pricing models ensure fair reasonable customers fairpricingforall,0
thank sharing feedback regarding product pricing genuinely appreciate input actively reviewing pricing models ensure fair reasonable customers fairpricingforall,0
