clean_text,notification system,reward programme,misselling,client support,product pricing,output
sms reminders creditcardco vague cryptic supposed remember due date without clear information confusingmessages,0.9744023084640503,0.004643067251890898,0.013431472703814507,0.0054034399800002575,0.00211982405744493,notification system
credit card rewards program creditcardco convoluted even figure redeem points rewardfrustration,0.0010166155407205224,0.9940524101257324,0.003321354743093252,0.0008977982215583324,0.0007118415087461472,reward programme
text message creditcardco notifying fraudulent transaction woke middle night respect customers sleep schedule intrusiveale,0.9213735461235046,0.0013054037699475884,0.0012361051049083471,0.07508770376443863,0.00099721469450742,notification system
hey creditcardco integrating payment reminder ales viual assistant platforms like siri google assistant would make convenient customers stay informed paymentreminders,0.9152729511260986,0.010546118021011353,0.004999986384063959,0.06322741508483887,0.005953510291874409,notification system
discovered creditcardco called exclusive offer retired pensioners nothing trap hidden fees high costs pushing financial hardship deceptivesales misselling,0.002513777231797576,0.0039700898341834545,0.990294873714447,0.0014902997063472867,0.0017309649847447872,misselling
credit card fees balance transfer fees cash advance fees considered utilizing services impoant assess cost benefit feeconsideration,0.184463769197464,0.23821577429771423,0.1913478970527649,0.16555637121200562,0.22041620314121246,reward programme
notification creditcardco changes credit limit arrived already made large purchase poor timing lack consideration untimelycommunication,0.9756824374198914,0.0032694858964532614,0.003887034021317959,0.014208799228072166,0.0029522583354264498,notification system
feeling betrayed creditcardco marketed product specifically retired pensioners promising financial security burdened unmanageable debt targetedexploitation misselling,0.0008505337755195796,0.0012927630450576544,0.9568613767623901,0.0010055918246507645,0.039989784359931946,misselling
hey creditcardco relying solely snail mail sending due date reminders outdated ineffective embrace digital communication options snailmailissues,0.9208223819732666,0.015085240826010704,0.00915338471531868,0.045252762734889984,0.009686270728707314,notification system
trusted creditcardco products suitable retired pensioners took advantage vulnerability high cost product sold causing immense financial stress predatorypractices misselling,0.001019247225485742,0.0014037657529115677,0.5091780424118042,0.0013281939318403602,0.4870707094669342,misselling
loyal customer creditcardco reward program feels like one sided deal annual fee keeps increasing rewards keep shrinking unbalanced,0.0007229896727949381,0.9497697353363037,0.04609556123614311,0.0017930218018591404,0.0016186616849154234,reward programme
creditcardco reward program needs major overhaul accumulated many points redemption options lackluster uninspiring rewardprogramfail,0.0008440078236162663,0.9957829713821411,0.0016227861633524299,0.0008894134080037475,0.0008607912459410727,reward programme
dear creditcardco automated payment reminder calls frequent disruptive would helpful could customize frequency switch less intrusive mode communication automatedcalls communicationpreference,0.6721815466880798,0.08940133452415466,0.06342552602291107,0.09324872493743896,0.08174281567335129,notification system
feeling betrayed creditcardco marketed product specifically retired pensioners promising financial security burdened unmanageable debt targetedexploitation misselling,0.0008505337755195796,0.0012927630450576544,0.9568613767623901,0.0010055918246507645,0.039989784359931946,misselling
feeling frustrated creditcardco reward program points expire quickly making impossible save meaningful redemption shoexpiration,0.001512900460511446,0.9937001466751099,0.0024773378390818834,0.0012043711030855775,0.001105253235436976,reward programme
due date reminders creditcardco easily overlooked cluttered inbox need attention grabbing format subject line getnoticed,0.9889432191848755,0.0031052373815327883,0.0020234344992786646,0.0040091052651405334,0.0019190454622730613,notification system
choosing right credit card requires careful consideration interest rates fees rewards programs impoant compare options making decision creditcardselection,0.014129769057035446,0.9305746555328369,0.020732052624225616,0.011166156269609928,0.023397428914904594,reward programme
creditcardco always send impoant updates weekends holidays customer service unavailable inconvenient frustrating pooiming,0.24750596284866333,0.0023615267127752304,0.0008763496298342943,0.7479483485221863,0.0013078247429803014,client support
feeling scammed creditcardco convinced purchase high cost product promising incredible benefits turned total rip fraudulentsales misselling,0.0009608852560631931,0.0016360313165932894,0.9593130350112915,0.0014360137283802032,0.03665401041507721,misselling
creditcardco email payment reminders often end spam folder causing miss impoant due dates please improve delivery consider alternative modes communication paymentreminders communicationissue,0.8017075061798096,0.04825274273753166,0.04223284870386124,0.07103082537651062,0.03677603602409363,notification system
apologize inconvenience caused pricing structure rest assured committed providing competitive transparent pricing benefits customers thank feedback transparentpolicies,0.06498514115810394,0.06383968144655228,0.054722826927900314,0.4548947513103485,0.36155757308006287,client support
creditcardco high default interest rates like want profit people financial struggles exploitativepricing,0.026320692151784897,0.04015485569834709,0.8575904965400696,0.024303646758198738,0.051630306988954544,misselling
thank bringing issue altered product pricing attention value feedback committed considering impact customers making changes customerfirst,0.00032682312303222716,0.0004205847508274019,0.0005497215897776186,0.003489797469228506,0.9952130317687988,product pricing
apologize inconvenience caused pricing structure feedback impoant committed evaluating adjusting fees better align customer needs thank input customercentricapproach,0.036311786621809006,0.048996470868587494,0.040700241923332214,0.29191213846206665,0.5820793509483337,product pricing
thank bringing issue product pricing attention value feedback dedicated ensuring pricing changes communicated effectively customer impact mind customerfeedbackmatters,0.0005760029307566583,0.0005128646153025329,0.0007405225769616663,0.0017758352914825082,0.9963948130607605,product pricing
thank bringing issue product pricing attention value feedback dedicated ensuring pricing changes communicated effectively customer impact mind customerfeedbackmatters,0.0005760029307566583,0.0005128646153025329,0.0007405225769616663,0.0017758352914825082,0.9963948130607605,product pricing
thank sharing concerns altered product pricing genuinely appreciate feedback committed considering impact customers making pricing decisions customerimpactconsidered,0.000415614660596475,0.0006104852072894573,0.0007106311968527734,0.0008309305412694812,0.9974323511123657,product pricing
thank bringing issue product pricing attention value feedback dedicated ensuring pricing changes communicated effectively customer impact mind customerfeedbackmatters,0.0005760029307566583,0.0005128646153025329,0.0007405225769616663,0.0017758352914825082,0.9963948130607605,product pricing
dear creditcardco offering two day grace period payment due date could helpful customers occasionally miss deadline paymentreminders,0.32606935501098633,0.005375601351261139,0.006554253865033388,0.6593291759490967,0.0026715786661952734,client support
dear creditcardco providing summary changes terms conditions plain language would ensure customers well informed transparentcommunication,0.8654047846794128,0.016296058893203735,0.012000372633337975,0.09261265397071838,0.013686059042811394,notification system
apologize inconvenience caused timing communication feedback impoant working enhancing communication strategies ensure timely effective delivery thank patience improvedtimeliness,0.22918285429477692,0.1679517924785614,0.11759977042675018,0.3840543031692505,0.1012113094329834,client support
hey creditcardco sending payment reminders day due date counterproductive give customers enough time respond lastminutereminder,0.9087121486663818,0.0031646641436964273,0.06057434901595116,0.02538384683430195,0.0021649289410561323,notification system
creditcardco always send impoant updates peak business hours difficult reach customer service consider availability inconvenienttiming,0.2557113766670227,0.002384710591286421,0.0007024041260592639,0.7404237389564514,0.0007777141290716827,client support
apologize inconvenience caused timing communication feedback impoant working enhancing communication strategies ensure timely effective delivery thank patience improvedtimeliness,0.22918285429477692,0.1679517924785614,0.11759977042675018,0.3840543031692505,0.1012113094329834,client support
hey creditcardco sending payment due reminders due date passed counterproductive improve timing latereminder,0.8411747217178345,0.002036367543041706,0.12950830161571503,0.02565201371908188,0.0016286054160445929,notification system
credit card rewards programs offer value essential assess spending habits choose program aligns personal preferences rewardsevaluation,0.0034214898478239775,0.9885441064834595,0.002755354158580303,0.002622439991682768,0.00265662744641304,reward programme
suggestion creditcardco implement mobile app feature sends push notifications payment reminders ensuring timely payments paymentreminders,0.989222526550293,0.002442769007757306,0.0018648188561201096,0.004748514853417873,0.0017213489627465606,notification system
hey creditcardco integrating payment reminder ales viual assistant platforms like siri google assistant would make convenient customers stay informed paymentreminders,0.9152729511260986,0.010546118021011353,0.004999986384063959,0.06322741508483887,0.005953510291874409,notification system
suggestion creditcardco explore option sending payment reminders social media platforms like twitter facebook quick easy access paymentreminders,0.9849193096160889,0.004765219520777464,0.0016719189006835222,0.005587186198681593,0.003056418616324663,notification system
dear creditcardco providing option customers schedule payment reminder calls texts specific times suit preferences would helpful paymentreminders,0.5522861480712891,0.003378669498488307,0.0014574270462617278,0.4412088692188263,0.0016688054893165827,notification system
suggestion creditcardco offering dedicated mobile app widget displays upcoming payment due dates home screen would serve constant reminder paymentreminders,0.9646174311637878,0.012669199146330357,0.004886026028543711,0.010125355795025826,0.007701929658651352,notification system
transparency matters creditcardco consider providing breakdown fees charges monthly statements help customers better understand expenses transparentcommunication,0.2957442104816437,0.14754816889762878,0.10803760588169098,0.3164857029914856,0.1321842223405838,client support
understand impoance timely communication feedback valuable actively working enhance timing messages better serve thank patience improvedtiming,0.29173803329467773,0.19557228684425354,0.14326298236846924,0.2877720892429352,0.08165455609560013,notification system
kudos creditcardco interactive chatbot service payment reminders user friendly accessible way receive notifications paymentreminders,0.9414163827896118,0.0066911401227116585,0.002482675714418292,0.046934824436903,0.0024749876465648413,notification system
apologize inconvenience caused timing communication feedback impoant working enhancing communication strategies ensure timely effective delivery thank patience improvedtimeliness,0.22918285429477692,0.1679517924785614,0.11759977042675018,0.3840543031692505,0.1012113094329834,client support
credit card received creditcardco match features rewards adveised letdown mismatchedoffer,0.0026569159235805273,0.7721796631813049,0.220526784658432,0.0022792667150497437,0.002357321558520198,reward programme
curious learn new credit card schemes creditcardco offer better rewards perks compared existing ones competition,0.005104802083224058,0.9849429726600647,0.003375355852767825,0.003466883674263954,0.0031100744381546974,reward programme
apologize inconvenience caused pricing structure committed ensuring fairness transparency fee policies feedback impoant fairpricing,0.1532433032989502,0.13678982853889465,0.1317581981420517,0.17156670987606049,0.40664201974868774,product pricing
suggestion creditcardco clearly state consequences missed payments late fees interest charges help customers make informed decisions transparentcommunication,0.23464138805866241,0.028069734573364258,0.032142676413059235,0.6762128472328186,0.028933411464095116,client support
creditcardco notifications mobile app payment reminders glitchy always show makes difficult stay top payments please fix issue soon possible appproblems paymentreminders,0.9694886207580566,0.002910817041993141,0.001357993925921619,0.025231029838323593,0.0010114707984030247,notification system
received promotional email creditcardco limited time offer expired even read improve timing please missedoppounity,0.7321487665176392,0.2216031849384308,0.03274388611316681,0.004278311971575022,0.009225896559655666,notification system
impressed generous rewards program offered creditcardco able earn valuable points redeem amazing perks rewardingexperience,0.0009593964787200093,0.9965051412582397,0.0007312743691727519,0.0009238611091859639,0.0008803198579698801,reward programme
understand impoance timely communication feedback valuable actively working enhance timing messages better serve thank patience improvedtiming,0.29173803329467773,0.19557228684425354,0.14326298236846924,0.2877720892429352,0.08165455609560013,notification system
announcement creditcardco schemes generating buzz reserve opinion information eligibility criteria rewards structure informeddecisions,0.28524249792099,0.7091221213340759,0.0020635437685996294,0.002105910563841462,0.0014659403823316097,reward programme
beware creditcardco tactics pushed high cost product suit needs shameful sales practices deceptivesales misselling,0.0021326227579265833,0.0022744450252503157,0.8365892171859741,0.0015532763209193945,0.15745040774345398,misselling
discovered creditcardco called exclusive offer retired pensioners nothing trap hidden fees high costs pushing financial hardship deceptivesales misselling,0.002513777231797576,0.0039700898341834545,0.990294873714447,0.0014902997063472867,0.0017309649847447872,misselling
realized high cost product purchased credit card completely misrepresented creditcardco unacceptable missold misselling,0.0010266861645504832,0.001956358551979065,0.7877806425094604,0.0010085596004500985,0.20822782814502716,misselling
thanks credit card rewards program redeemed points free flight best feeling ever rewardsprogram,0.001286509446799755,0.995638370513916,0.001043359749019146,0.0010171044850721955,0.0010146945714950562,reward programme
appreciate transparency creditcardco clearly communicate fees charges associated credit cards ensuring surprises honestywins,0.5739254951477051,0.12472096085548401,0.08017749339342117,0.09913582354784012,0.12204023450613022,notification system
apologize timing communication feedback valuable working improve effectiveness relevance messages thank bringing attention timelycommunication,0.2625865340232849,0.22858738899230957,0.16284890472888947,0.2516746520996094,0.0943024680018425,notification system
hey creditcardco integrating payment reminders popular personal finance apps would convenient users stay top payments paymentreminders,0.7651889324188232,0.09547842293977737,0.04152435064315796,0.05353528633713722,0.0442730151116848,notification system
big thumbs creditcardco proactive communication regarding recent credit card data breach promptly notified assured customers enhanced security measures well done datasecurity,0.42412877082824707,0.004278712905943394,0.0013589803129434586,0.569343090057373,0.0008904340793378651,client support
hey creditcardco consider sending proactive notifications customers adjustments interest rates ensuring transparency avoiding surprises transparentcommunication,0.9491735100746155,0.004595358390361071,0.006121974438428879,0.03461873158812523,0.00549045717343688,notification system
dear creditcardco voicemail reminders payments barely audible understand details frustrating ineffective please improve quality switch another mode communication poorvoicemail paymentreminders,0.8155108690261841,0.008725813589990139,0.010637462139129639,0.159164160490036,0.005961713381111622,notification system
hats creditcardco proactive communication upcoming changes credit card terms conditions provided comprehensive explanation ensuring transparency well done termsandconditions,0.8523899912834167,0.011805042624473572,0.004272115416824818,0.1290656477212906,0.0024673377629369497,notification system
credit card terms creditcardco keep changing without warning hard trust company value transparency lackofconsistency,0.18276333808898926,0.47624099254608154,0.1728696972131729,0.09086599200963974,0.07725994288921356,reward programme
dear creditcardco allowing customers choose preferred mode payment reminder communication email text phone call would cater diverse preferences paymentreminders,0.5349665284156799,0.00268679135479033,0.001538376440294087,0.4595377743244171,0.0012705875560641289,notification system
credit card rewards earned regular spending impoant assess whether benefits offset potential interest charges fees rewardsassessment,0.004381066188216209,0.9831832051277161,0.004244388081133366,0.0033057082910090685,0.004885630216449499,reward programme
notification creditcardco changes account arrived weeks changes implemented stay top communication delayedupdates,0.9898706078529358,0.003172528464347124,0.0016269184416159987,0.003335743211209774,0.001994188642129302,notification system
grateful creditcardco competitive cashback program rewarding earn money back spending cashbackbonanza,0.0011048400774598122,0.9957329630851746,0.0008313399157486856,0.000832691031973809,0.0014980644918978214,reward programme
received credit card offer creditcardco rewards program align spending habits research mismatchedoffer,0.0044777607545256615,0.8317208290100098,0.16197998821735382,0.0010220936965197325,0.000799339497461915,reward programme
understand impoance timely billing information team addressing delay issue ensure next statement delivered promptly thank patience timelycommunication,0.25260570645332336,0.08676840364933014,0.08526480942964554,0.48778796195983887,0.0875730961561203,client support
hey creditcardco incorporating sms based payment reminders direct link one click payment could simplify process customers paymentreminders,0.9669223427772522,0.005379421170800924,0.0025814389809966087,0.021669654175639153,0.003447198309004307,notification system
refreshing see company take responsibility mis selling credit card kudos bank acknowledging issue working towards fair resolution appreciate commitment customer satisfaction accountability impressed,0.0006123548955656588,0.00173912791069597,0.7604135274887085,0.23657944798469543,0.0006554447463713586,misselling
mis selling incidents frustrating glad bank listened concerns took corrective measures regained trust addressing situation promptly thank valuing customers trustrestored happycustomer,0.0009533613920211792,0.0006128435488790274,0.7026254534721375,0.29513365030288696,0.000674692913889885,misselling
hats bank transparency accountability acknowledged mis selling credit cards reached affected customers offered suitable solutions refreshing see integrity transparency impressive,0.0008741180063225329,0.0010072189616039395,0.7422296404838562,0.2552037239074707,0.0006852624355815351,misselling
got caught mis selling incident credit card bank resolution team top rectified issue swiftly leaving positive impression thanks quick response effectiveresolution satisfiedcustomer,0.0009670922299847007,0.0013678399845957756,0.4738624095916748,0.5234145522117615,0.00038820496411062777,client support
seriously creditcardco justify exorbitant annual fees high interest rates feels like rip unfairpricing,0.029748113825917244,0.06975758820772171,0.45153898000717163,0.023075781762599945,0.4258795380592346,misselling
creditcardco pricing structure maze navigate hidden fees penalties confusing terms make impossible understand paying transparencyplease,0.06936062127351761,0.11445321142673492,0.6042948365211487,0.06864406913518906,0.14324721693992615,misselling
got hit unexpected charges creditcardco upfront pricing pricesurprise,0.6994028687477112,0.02746521681547165,0.046200379729270935,0.029333749786019325,0.19759781658649445,notification system
loyal customer expect better creditcardco arbitrary pricing changes leaving sour taste mouth customerdissatisfaction,0.06455696374177933,0.17559416592121124,0.4491204619407654,0.10370656847953796,0.20702186226844788,misselling
dear creditcardco tiered pricing system seems like way squeeze money hardworking individuals pricediscrimination,0.06228255480527878,0.06698523461818695,0.41522416472435,0.058218248188495636,0.39728984236717224,misselling
tired creditcardco unpredictable pricing time transparency fair treatment customers pricestability,0.0924823060631752,0.11836621165275574,0.0951685830950737,0.412685751914978,0.2812972068786621,client support
hey creditcardco pricing changes without warning making difficult budget get consistency please budgetingnightmare,0.5687956809997559,0.08181161433458328,0.06404539197683334,0.0628255233168602,0.2225218415260315,notification system
creditcardco pricing games driving crazy like never ending roller coaster charges fees pricemadness,0.0465700738132,0.06664790958166122,0.7990788817405701,0.03643576800823212,0.05126732215285301,misselling
frustrating creditcardco lures customers low introductory rates skyrocket later deceptive pricing please falsepromises,0.0012173496652394533,0.0017241844907402992,0.994211733341217,0.001220553182065487,0.0016262491699308157,misselling
dear creditcardco pricing tactics predatory unfair stop preying people financial vulnerability unethicalpricing,0.0587107315659523,0.10610534995794296,0.6355830430984497,0.05940888077020645,0.14019200205802917,misselling
hey creditcardco hidden fees fine print masterclass deceptive pricing time clean act pricingtricks,0.014615454711019993,0.02151116542518139,0.9134874939918518,0.011507832445204258,0.038878101855516434,misselling
creditcardco pricing structure nightmare like want confuse frustrate customers purpose customerexploitation,0.01168406754732132,0.014151467010378838,0.38170990347862244,0.012653262354433537,0.5798013210296631,product pricing
hey creditcardco pricing touch reality people struggling making worse unjust charges insensitivepricing,0.09806999564170837,0.1560893952846527,0.5118470788002014,0.09863819181919098,0.13535532355308533,misselling
creditcardco pricing structure designed trap people debt time prioritize financial well profits debttrap,0.009546524845063686,0.012329085730016232,0.8197219371795654,0.008458132855594158,0.14994433522224426,misselling
dear creditcardco pricing changes like bad soap opera think another twist neverendingfees,0.10486240684986115,0.1731860637664795,0.22749467194080353,0.0819152370095253,0.41254162788391113,product pricing
creditcardco pricing transparency non existent time come clean stop hiding behind confusing terms conditions hiddencharges,0.01519326213747263,0.036478668451309204,0.8740479350090027,0.015435919165611267,0.058844223618507385,misselling
creditcardco pricing structure maze escape time simplify provide clarity customers pricingconfusion,0.10580093413591385,0.2994132339954376,0.11693154275417328,0.12730392813682556,0.3505502939224243,product pricing
another month another surprise fee creditcardco like making charges see much get away feefrustration,0.368349552154541,0.05002538114786148,0.47395849227905273,0.0599406436085701,0.04772588983178139,misselling
thank bringing issue altered product pricing attention take customer impact seriously carefully consider aspects making changes future customercentricapproach,0.00032491155434399843,0.0004040176863782108,0.0004573340411297977,0.0006678127101622522,0.9981459379196167,product pricing
tired creditcardco predatory pricing structure intentionally keep interest rates sky high trap customers debt predatorylending,0.034464817494153976,0.030553163960576057,0.7263593077659607,0.030697355046868324,0.1779252588748932,misselling
apologize pricing structure caused inconvenience feedback valuable actively reviewing adjusting fees charges better serve customers thank understanding customeroriented,0.007082556374371052,0.009398812428116798,0.008920938707888126,0.9277371168136597,0.046860624104738235,client support
apologize pricing structure caused inconvenience feedback valuable actively reviewing adjusting fees charges better serve customers thank understanding customeroriented,0.007082556374371052,0.009398812428116798,0.008920938707888126,0.9277371168136597,0.046860624104738235,client support
frustrated creditcardco pricing structure purposely make terms confusing take advantage customers lack understanding exploitativepractices,0.00339001533575356,0.005008877255022526,0.9628127813339233,0.0030068226624280214,0.02578148804605007,misselling
thank bringing issue product pricing attention appreciate feedback committed considering customer impact feedback making pricing decisions customerfeedbackvalued,0.000305253139231354,0.000394337170291692,0.0005984425079077482,0.0010510851861909032,0.9976508617401123,product pricing
thank bringing issue product pricing attention appreciate feedback committed considering customer impact feedback making pricing decisions customerfeedbackvalued,0.000305253139231354,0.000394337170291692,0.0005984425079077482,0.0010510851861909032,0.9976508617401123,product pricing
thank bringing issue product pricing attention appreciate feedback committed considering customer impact feedback making pricing decisions customerfeedbackvalued,0.000305253139231354,0.000394337170291692,0.0005984425079077482,0.0010510851861909032,0.9976508617401123,product pricing
feeling deceived creditcardco reward program enticing sign bonus turned nearly impossible achieve due hidden spending requirements falsepromises,0.0007575175841338933,0.6595999002456665,0.33845651149749756,0.0006307836156338453,0.000555238570086658,reward programme
feeling frustrated creditcardco reminder system unreliable inconsistent afford keep missing due dates latepaymentissues,0.989305853843689,0.0009627632098272443,0.0023622040171176195,0.0066516101360321045,0.0007174935890361667,notification system
appreciate creditcardco transparency new credit card schemes clear terms conditions make easier customers make informed decisions transparencymatters,0.12384674698114395,0.46670910716056824,0.14342248439788818,0.14525385200977325,0.12076769024133682,reward programme
received notice creditcardco reducing cashback percentage consider would affect loyal customers rewardsdevaluation,0.5021528005599976,0.4882262349128723,0.003206009976565838,0.005289004649966955,0.0011258806334808469,notification system
hey creditcardco appreciate payment reminders text messages often delayed end receiving due date reliable way notify customers latereminders communicationproblem,0.9682303667068481,0.0017898081569001079,0.0012873164378106594,0.027378516271710396,0.0013139555230736732,notification system
hey creditcardco reward points low redemption value disheaening see little loyalty woh undervaluedrewards,0.0014045211719349027,0.9888970851898193,0.00803704746067524,0.0008538375259377062,0.0008075557416304946,reward programme
creditcardco still using carrier pigeons send due date reminders slow unreliable leaves room errors pigeonmailissues,0.9816144108772278,0.003738387953490019,0.002861715853214264,0.00944030936807394,0.0023452439345419407,notification system
excited hear new credit card schemes announced creditcardco looking forward exploring benefits rewards offer creditcardschemes,0.010556020773947239,0.9578263163566589,0.008114531636238098,0.012869579717516899,0.010633603669703007,reward programme
checks voicemail days creditcardco using voicemail primary mode sending reminders ineffective outdated voicemailwoes,0.9040445685386658,0.014028860256075859,0.012972546741366386,0.063809834420681,0.0051442408002913,notification system
creditcardco sales representative misled buying expensive product need feeling cheated deceived misselling,0.0011581858852878213,0.001686497125774622,0.8964227437973022,0.0038878319319337606,0.09684475511312485,misselling
reward program offered creditcardco simply woh high spending requirements minimal benefits make hassle perk notwohit,0.0011146297911182046,0.9945032596588135,0.0025185048580169678,0.0008733067661523819,0.0009902772726491094,reward programme
hey creditcardco reward program lacks transparency nearly impossible understand value point redeemed lackofclarity,0.0012848349288105965,0.9885371923446655,0.008082590065896511,0.0011251396499574184,0.0009702735114842653,reward programme
missed another due date creditcardco reminder system sends notifications business hours reminders evening weekends limitedavailability,0.991386353969574,0.0025957466568797827,0.0017602043226361275,0.0026345523074269295,0.001623147982172668,notification system
hey creditcardco sending payment reminder day due date helpful give customers time take action lastminutereminder,0.7136695981025696,0.0018427440663799644,0.0012782640988007188,0.28196731209754944,0.0012420816347002983,notification system
feeling deceived creditcardco reward program enticing sign bonus turned nearly impossible achieve due hidden spending requirements falsepromises,0.0007575175841338933,0.6595999002456665,0.33845651149749756,0.0006307836156338453,0.000555238570086658,reward programme
smoke signals used creditcardco send reminders must fading quickly time upgrade efficient options smokesignalissues,0.9559533596038818,0.019634809345006943,0.008880355395376682,0.009262412786483765,0.0062690977938473225,notification system
email primary mode communication creditcardco still sending paper reminders often get lost mail paperwaste,0.959757924079895,0.01568741351366043,0.0026706592179834843,0.017073141410946846,0.004810897167772055,notification system
sorry confusion caused credit card terms conditions review update provide clearer information customers thank feedback clearcommunication,0.019060516729950905,0.031886033713817596,0.012398122809827328,0.9264324903488159,0.010222776792943478,client support
credit card customer service plays vital role resolving issues helpful keep records communication follow concerns persist customersuppo,0.0016255895607173443,0.0034130241256207228,0.0009875227697193623,0.9929595589637756,0.001014344859868288,client support
beware creditcardco tactics pushed high cost product suit needs shameful sales practices deceptivesales misselling,0.0021326227579265833,0.0022744450252503157,0.8365892171859741,0.0015532763209193945,0.15745040774345398,misselling
customer service creditcardco needs serious improvement unhelpful lack knowledge reward program terms conditions poorsuppo,0.0009495575213804841,0.4573603570461273,0.0010543321259319782,0.540065348148346,0.0005704131326638162,client support
creditcardco reward program needs upgrade lack innovative features personalized offers falling behind competitors market outdated,0.0017374898307025433,0.994987428188324,0.0015580222243443131,0.0008735479204915464,0.0008435739437118173,reward programme
kudos creditcardco transparent communication credit card system upgrade kept customers informed process minimizing inconvenience well done systemupgrade,0.07279161363840103,0.018223002552986145,0.003489777445793152,0.901856541633606,0.003639074508100748,client support
sorry confusion caused credit card terms conditions review update provide clearer information customers thank feedback clearcommunication,0.019060516729950905,0.031886033713817596,0.012398122809827328,0.9264324903488159,0.010222776792943478,client support
creditcardco sending reminders carrier pigeons might sound charming reliable timely birddeliveryfail,0.9218321442604065,0.017554214224219322,0.012236635200679302,0.045577291399240494,0.002799705136567354,notification system
creditcardco mobile push notification reminder option much effective relying emails calls outdatednotifications,0.985971212387085,0.004147833213210106,0.0021715948823839426,0.005890891421586275,0.0018184263026341796,notification system
hey creditcardco reward points low redemption value disheaening see little loyalty woh undervaluedrewards,0.0014045211719349027,0.9888970851898193,0.00803704746067524,0.0008538375259377062,0.0008075557416304946,reward programme
realized high cost product purchased credit card completely misrepresented creditcardco unacceptable missold misselling,0.0010266861645504832,0.001956358551979065,0.7877806425094604,0.0010085596004500985,0.20822782814502716,misselling
feeling deceived creditcardco aggressive sales tactics pushed signing credit card hidden fees high interest rates missold,0.0012109794188290834,0.0015920688165351748,0.9944435954093933,0.0012002247385680676,0.0015530920354649425,misselling
feeling scammed creditcardco convinced purchase high cost product promising incredible benefits turned total rip fraudulentsales misselling,0.0009608852560631931,0.0016360313165932894,0.9593130350112915,0.0014360137283802032,0.03665401041507721,misselling
tired receiving promotional emails creditcardco amazing reward program find offers irrelevant unattainable misleadingads,0.05004577711224556,0.5883634090423584,0.3597472608089447,0.0009208617266267538,0.0009226161637343466,reward programme
feeling frustrated creditcardco reward program annual fee keeps increasing benefits remain stagnant time switch better option timetomoveon,0.0006485855556093156,0.9901044964790344,0.007508999668061733,0.0005674991407431662,0.001170396339148283,reward programme
carrier pigeons delivering creditcardco reminders must gotten lost please switch reliable methods pigeonpostfail,0.983969509601593,0.003410913050174713,0.0019917134195566177,0.008709654211997986,0.0019180933013558388,notification system
appreciate feedback misleading customer communication rest assured committed providing clear accurate information customers ensuring transparency trust thank raising concern clearandtrustwohymessaging,0.041719935834407806,0.02175840362906456,0.45511680841445923,0.45880916714668274,0.022595638409256935,client support
years using creditcardco expected better reward program limited selection merchandise travel options disappointing limitedchoices,0.001661785296164453,0.9906689524650574,0.0031287677120417356,0.0016715999227017164,0.0028688416350632906,reward programme
telegrams creditcardco due date reminders seriously time embrace modern efficient communication channels timetoupgrade,0.9143165946006775,0.025150785222649574,0.016573714092373848,0.027386439964175224,0.016572531312704086,notification system
creditcardco reward program needs major overhaul accumulated many points redemption options lackluster uninspiring rewardprogramfail,0.0008440078236162663,0.9957829713821411,0.0016227861633524299,0.0008894134080037475,0.0008607912459410727,reward programme
trusted creditcardco took advantage trust sold ridiculously expensive product could gotten much less elsewhere exploitation misselling,0.00039602082688361406,0.0007357207359746099,0.3794291913509369,0.0005351367872208357,0.6189039349555969,product pricing
customer service creditcardco needs serious improvement unhelpful lack knowledge reward program terms conditions poorsuppo,0.0009495575213804841,0.4573603570461273,0.0010543321259319782,0.540065348148346,0.0005704131326638162,client support
creditcardco reward program needs upgrade lack innovative features personalized offers falling behind competitors market outdated,0.0017374898307025433,0.994987428188324,0.0015580222243443131,0.0008735479204915464,0.0008435739437118173,reward programme
creditcardco reminder system allow customization want choose receive reminders align schedule onesizedoesntfitall,0.9800355434417725,0.007967679761350155,0.003737010760232806,0.005073316395282745,0.0031864154152572155,notification system
reward program offered creditcardco simply woh high spending requirements minimal benefits make hassle perk notwohit,0.0011146297911182046,0.9945032596588135,0.0025185048580169678,0.0008733067661523819,0.0009902772726491094,reward programme
hey creditcardco reward program lacks transparency nearly impossible understand value point redeemed lackofclarity,0.0012848349288105965,0.9885371923446655,0.008082590065896511,0.0011251396499574184,0.0009702735114842653,reward programme
hey creditcardco changing rewards redemption rates without notice unfair customers say decisions unilateralchanges,0.007445535622537136,0.9606654644012451,0.008646039292216301,0.017537429928779602,0.0057055349461734295,reward programme
tired receiving promotional emails creditcardco amazing reward program find offers irrelevant unattainable misleadingads,0.05004577711224556,0.5883634090423584,0.3597472608089447,0.0009208617266267538,0.0009226161637343466,reward programme
feeling frustrated creditcardco reward program annual fee keeps increasing benefits remain stagnant time switch better option timetomoveon,0.0006485855556093156,0.9901044964790344,0.007508999668061733,0.0005674991407431662,0.001170396339148283,reward programme
received due date reminder letter creditcardco week due date helpful slowmaildelivery,0.9367425441741943,0.010167230851948261,0.006319249514490366,0.04173121601343155,0.005039724055677652,notification system
appreciate feedback misleading customer communication rest assured committed providing clear accurate information customers ensuring transparency trust thank raising concern clearandtrustwohymessaging,0.041719935834407806,0.02175840362906456,0.45511680841445923,0.45880916714668274,0.022595638409256935,client support
trying redeem reward points flight creditcardco blackout dates restrictions make nearly impossible find suitable time redemptionhurdles,0.0021007508039474487,0.9939390420913696,0.0013848701491951942,0.001309336512349546,0.0012660394422709942,reward programme
hey creditcardco adveise amazing rewards offer limited availability feels like bait switch tactic falsepromises,0.0007308356580324471,0.38630083203315735,0.6119149327278137,0.0005853071925230324,0.0004680972488131374,misselling
smoke signals used creditcardco reminders keep getting lost wind need reliable communication method inefficientsmokesignals,0.8971104025840759,0.03186219185590744,0.026113880798220634,0.02658730000257492,0.01832621544599533,notification system
big thumbs creditcardco exceptional rewards redemption process straightforward hassle free easyredemption,0.002605274086818099,0.9944332242012024,0.0008378015481866896,0.0012958794832229614,0.0008277453598566353,reward programme
years using creditcardco expected better reward program limited selection merchandise travel options disappointing limitedchoices,0.001661785296164453,0.9906689524650574,0.0031287677120417356,0.0016715999227017164,0.0028688416350632906,reward programme
set reminders creditcardco app never seem work unreliable defeating purpose reminder feature appglitch,0.7721466422080994,0.07427038252353668,0.058136433362960815,0.07048343867063522,0.024963069707155228,notification system
shoutout creditcardco exceptional suppo resolving credit card reward redemption issue patiently worked resolve problem credited missing rewards highly appreciated rewardredemption,0.0007061906508170068,0.26772165298461914,0.0005219728336669505,0.7306585907936096,0.0003916044079232961,client support
trying reach customer suppo inquire reward points keep transferring one depament another creditcardco get act together customerservicefail,0.001008935971185565,0.36716753244400024,0.0006906491471454501,0.630652666091919,0.00048016366781666875,client support
finally managed redeem reward points weeks back foh creditcardco customer service process complicated redemptionstruggles,0.0005901272525079548,0.44219791889190674,0.0004960388760082424,0.55626380443573,0.0004520306538324803,client support
finally got credit card issue resolved shout customer service team handling mis selling situation promptly professionally kudos greatservic problemsolved,0.0008573683444410563,0.0009185363887809217,0.3048870861530304,0.692864179611206,0.0004728952771984041,client support
sometimes mistakes happen resolved matters appreciate quick response bank regarding mis selling credit card good job rectifying situation customerfirst satisfied,0.002758740447461605,0.0013270170893520117,0.37378475069999695,0.6215541362762451,0.0005753290024586022,client support
bit hiccup credit card due mis selling must say bank suppo team fantastic took immediate action clarified everything got soed thank prompt assistance responsiveservice grateful,0.0034907644148916006,0.001400965265929699,0.9142287373542786,0.07929419726133347,0.0015853963559493423,misselling
dealing mis sold credit card stressful must say bank customer service team handled exceptionally well patient understanding resolved issue efficiently grateful suppo customercare relieved,0.0006297973450273275,0.0009924148907884955,0.46119189262390137,0.5368291735649109,0.0003567659587133676,client support
hey creditcardco pricing fluctuations giving whiplash hard keep ever changing fees interest rates confusedcustomer,0.1269635409116745,0.03336409851908684,0.49555012583732605,0.25665464997291565,0.08746763318777084,misselling
hey creditcardco sudden increase interest rates feels like stab back give break unreasonablepricing,0.015192517079412937,0.012439466081559658,0.1524531990289688,0.7493109703063965,0.07060383260250092,client support
creditcardco disappointing see pricing structure favoring wealthy struggling make ends meet inequality,0.06391420215368271,0.16478942334651947,0.34335407614707947,0.06180205196142197,0.3661402463912964,product pricing
seriously creditcardco another rate hike time stop squeezing customers sta offering fair pricing enoughisenough,0.03352547436952591,0.041704557836055756,0.7447649240493774,0.0791841596364975,0.10082090646028519,misselling
someone explain creditcardco charges double digit interest rates offering minimal benefits highway robbery ripoff,0.0014860911760479212,0.0022565999533981085,0.9715081453323364,0.0018191743874922395,0.022930026054382324,misselling
enough pricing surprises creditcardco impossible trust keep changing rules unpredictablefees,0.06776532530784607,0.11497267335653305,0.47226253151893616,0.0545600950717926,0.2904394268989563,misselling
tired feeling like cash cow creditcardco pricing scheme designed bleed dry enoughofthis,0.06724879145622253,0.16306832432746887,0.4124205708503723,0.05275178328156471,0.30451053380966187,misselling
hey creditcardco way manipulate interest rates feels like betrayal deserve better predatory pricing betrayedbyfees,0.005243571940809488,0.007009060587733984,0.9472442269325256,0.006010393612086773,0.03449279069900513,misselling
incredible creditcardco manages consistently provide terrible customer suppo customerdissatisfaction,0.001377805252559483,0.0032464556861668825,0.0028675312642008066,0.991476833820343,0.0010313764214515686,client support
creditcardco suppo team needs lesson responsiveness emails calls unanswered,0.008416447788476944,0.0021558725275099277,0.0011074155336245894,0.9870737195014954,0.0012466004118323326,client support
creditcardco adveise suppo hotline nobody ever picks customer service joke,0.0030650258995592594,0.008294632658362389,0.0018839901313185692,0.9858176708221436,0.000938701385166496,client support
beyond frustrated creditcardco suppo one seems care resolving issue,0.0017344504594802856,0.0024036129470914602,0.0019838004373013973,0.9924166202545166,0.001461550360545516,client support
bother contacting creditcardco suppo keep hold forever provide solution,0.018953373655676842,0.007684886455535889,0.01022348366677761,0.9592579007148743,0.0038803352508693933,client support
hey creditcardco suppo team lack urgency costing money time unacceptable,0.010558634996414185,0.005548001267015934,0.0020735759753733873,0.9794824719429016,0.0023372673895210028,client support
seriously regretting choosing creditcardco suppo non existent actually need help,0.006285759154707193,0.055876098573207855,0.235529825091362,0.6948156952857971,0.007492559030652046,client support
creditcardco customers deserve better stuck hold indefinitely improve suppo system,0.001853021327406168,0.0024573944974690676,0.001614116714335978,0.9932093024253845,0.0008662305772304535,client support
dealing creditcardco suppo nightmare never follow promises made,0.0032820769120007753,0.006897916551679373,0.024653790518641472,0.9627330899238586,0.0024330802261829376,client support
creditcardco suppo team incompetence pushing loyal customers away time step game,0.001077641500160098,0.00252799061127007,0.006751859560608864,0.9887679815292358,0.0008744316291995347,client support
another day another ignored creditcardco suppo account like shouting void,0.22870419919490814,0.011993837542831898,0.020194828510284424,0.7324273586273193,0.0066798049956560135,client support
disappointed creditcardco lack empathy assistance suppo letdown,0.004108491353690624,0.006334858480840921,0.006786435376852751,0.9800354838371277,0.0027347628492861986,client support
got phone creditcardco suppo three transfers still solution customerservicefail,0.0018324513221159577,0.0035334716085344553,0.0020741357002407312,0.9912769794464111,0.0012829604092985392,client support
creditcardco suppo team negligence huing reputation customers deserve better treatment,0.0010884300572797656,0.0013572536408901215,0.0029904020484536886,0.993821918964386,0.0007420016336254776,client support
wasted hours trying reach creditcardco suppo simple query response help,0.0034865757916122675,0.006355179473757744,0.0048574903048574924,0.9824117422103882,0.002889008028432727,client support
creditcardco suppo email goes black hole months still resolution customerneglect,0.0026407947298139334,0.001126519520767033,0.0009347816230729222,0.9945504069328308,0.0007475187885574996,client support
frustrating creditcardco suppo line disconnects holding hour joke,0.0037035413552075624,0.004639279097318649,0.004469209350645542,0.984959602355957,0.0022283869329839945,client support
believe difficult reach creditcardco suppo team response assistance customerdisappointment,0.010199994780123234,0.0031684425193816423,0.002321276580914855,0.9824507832527161,0.0018595590954646468,client support
creditcardco lack response assistance clear indication poor customer suppo unsatisfied,0.01543971337378025,0.0016329538775607944,0.0011895291972905397,0.9807873964309692,0.0009503818582743406,client support
friendly reminder creditcardco suppo team seem know meaning urgency,0.15204961597919464,0.004577310755848885,0.0013653779169544578,0.8404772877693176,0.0015304418047890067,client support
hold creditcardco suppo umpteenth time maybe one day someone pick,0.012426674365997314,0.05909321457147598,0.016580117866396904,0.8996772766113281,0.012222721241414547,client support
big shoutout creditcardco superb customer suppo handled concerns utmost professionalism care customerserviceexcellence,0.0004929099814034998,0.0010953572345897555,0.0004207107413094491,0.9976230263710022,0.0003680642694234848,client support
blown away outstanding suppo received creditcardco resolved issue promptly left feeling valued customer impressivesuppo,0.0005369997234083712,0.0013617497170343995,0.0005857506184838712,0.9969663023948669,0.0005492449272423983,client support
thumbs creditcardco suppo team exceptional knowledge assistance guided process effolessly knowledgeablesuppo,0.026406513527035713,0.04438508674502373,0.01644228585064411,0.8931863903999329,0.019579721614718437,client support
want express gratitude creditcardco attentive personalized suppo truly care customers needs customercare,0.0011094067012891173,0.005457343067973852,0.000746305042412132,0.9920017123222351,0.000685218081343919,client support
creditcardco suppo went beyond ensure satisfaction turned challenging situation positive experience goingtheextramile,0.001290031592361629,0.0037818008568137884,0.001102191861718893,0.9927644729614258,0.0010615121573209763,client support
kudos creditcardco well trained suppo team patient understanding resolved issue ease greatjob,0.0022030845284461975,0.009197071194648743,0.001468899310566485,0.9859331250190735,0.0011978843249380589,client support
excellent experience creditcardco suppo representative friendly efficient resolved concern time smoothresolution,0.000904811779037118,0.001424623653292656,0.0006804860313422978,0.9963832497596741,0.0006067916401661932,client support
impressed prompt response resolution provided creditcardco suppo team truly value customers time responsivesuppo,0.00278109242208302,0.0014461391838267446,0.0008702105842530727,0.9940839409828186,0.000818595290184021,client support
creditcardco suppo team saved day quick action problem solving skills turned potential disaster seamless experience customerheroes,0.0005392605671659112,0.0011042080586776137,0.0004884879454039037,0.9974645376205444,0.0004035629390273243,client support
want give shoutout creditcardco consistent reliable suppo never fail address concerns promptly reliableservice,0.022204702720046043,0.03625733032822609,0.012757995165884495,0.9172102808952332,0.011569639667868614,client support
huge thank creditcardco proactive suppo reached resolve issue even repoed yet proactiveassistance,0.005439755041152239,0.025621788576245308,0.005547333508729935,0.9595677256584167,0.003823442617431283,client support
impressed creditcardco suppo team dedication customer satisfaction went extra mile ensure positive experience customerhappiness,0.0007808685768395662,0.0009957407601177692,0.0005251074908301234,0.9972110390663147,0.000487250043079257,client support
creditcardco suppo team deserves recognition exceptional communication skills listened attentively provided clear guidance effectivecommunication,0.0014362678630277514,0.0028921812772750854,0.001258097356185317,0.9935002326965332,0.0009132404229603708,client support
shoutout creditcardco reliable suppo reassuring know assistance call away matter time day alwaysthereforcustomers,0.05232425406575203,0.001085536670871079,0.00043717570952139795,0.9457501769065857,0.0004027533868793398,client support
want express appreciation creditcardco consistent high quality suppo set benchmark exceptional customer service industry customerserviceexemplary,0.0014250443782657385,0.002688234904780984,0.0012984846252948046,0.9934201836585999,0.0011680746683850884,client support
apologize pricing structure caused inconvenience feedback valuable actively reviewing adjusting fees charges better serve customers thank understanding customeroriented,0.007082556374371052,0.009398812428116798,0.008920938707888126,0.9277371168136597,0.046860624104738235,client support
apologize pricing structure caused inconvenience feedback helps ongoing effos ensure credit card fees charges reasonable customer friendly customerfirstapproach,0.022042732685804367,0.03163042291998863,0.021104099228978157,0.39960917830467224,0.52561354637146,product pricing
apologize confusion caused pricing structure actively reassessing fee policies ensure align customer expectations fair thank bringing attention alignedwithcustomers,0.06845398992300034,0.06792943924665451,0.12101312726736069,0.518111526966095,0.22449184954166412,client support
apologize inconvenience caused pricing structure rest assured committed providing competitive transparent pricing benefits customers thank feedback transparentpolicies,0.06498514115810394,0.06383968144655228,0.054722826927900314,0.4548947513103485,0.36155757308006287,client support
apologize inconvenience caused pricing structure rest assured committed providing competitive transparent pricing benefits customers thank feedback transparentpolicies,0.06498514115810394,0.06383968144655228,0.054722826927900314,0.4548947513103485,0.36155757308006287,client support
understand concerns regarding pricing structure rest assured continuously review fees charges ensure fairness appreciate feedback transparentpricing,0.13696035742759705,0.12930907309055328,0.1328141838312149,0.25712618231773376,0.343790203332901,product pricing
apologize inconvenience caused pricing structure feedback impoant committed evaluating adjusting fees better align customer needs thank input customercentricapproach,0.036311786621809006,0.048996470868587494,0.040700241923332214,0.29191213846206665,0.5820793509483337,product pricing
apologize inconvenience caused pricing structure feedback impoant committed evaluating adjusting fees better align customer needs thank input customercentricapproach,0.036311786621809006,0.048996470868587494,0.040700241923332214,0.29191213846206665,0.5820793509483337,product pricing
thank sharing feedback regarding altered product pricing actively reviewing pricing strategies ensure align customer needs expectations customerfeedback,0.0009874311508610845,0.0009188831900246441,0.001023656572215259,0.024690518155694008,0.9723794460296631,product pricing
thank sharing feedback regarding product pricing genuinely appreciate input actively reviewing pricing models ensure fair reasonable customers fairpricingforall,0.0009126111981458962,0.0013638796517625451,0.0011612407397478819,0.004447498824447393,0.992114782333374,product pricing
thank sharing feedback regarding product pricing genuinely appreciate input actively reviewing pricing models ensure fair reasonable customers fairpricingforall,0.0009126111981458962,0.0013638796517625451,0.0011612407397478819,0.004447498824447393,0.992114782333374,product pricing
thank sharing feedback regarding product pricing genuinely appreciate input actively reviewing pricing models ensure fair reasonable customers fairpricingforall,0.0009126111981458962,0.0013638796517625451,0.0011612407397478819,0.004447498824447393,0.992114782333374,product pricing
creditcardco sales representative misled buying expensive product need feeling cheated deceived misselling,0.0011581858852878213,0.001686497125774622,0.8964227437973022,0.0038878319319337606,0.09684475511312485,misselling
hey creditcardco reminder system needs overhaul simply effective preventing missed due dates timeforchange,0.992171585559845,0.0016227460000663996,0.0024416635278612375,0.0027231427375227213,0.0010408356320112944,notification system
appreciate creditcardco effos sending reminders morse code practical today fast paced world morsecodemishaps,0.9660297632217407,0.02229391224682331,0.00336826010607183,0.005698454100638628,0.0026095856446772814,notification system
trusted creditcardco products suitable retired pensioners took advantage vulnerability high cost product sold causing immense financial stress predatorypractices misselling,0.001019247225485742,0.0014037657529115677,0.5091780424118042,0.0013281939318403602,0.4870707094669342,misselling
frustrating creditcardco reminder system offer multiple notification options everyone checks email regularly limitedreminders,0.9899490475654602,0.0033864998258650303,0.002228890312835574,0.0030062959995120764,0.001429226016625762,notification system
loyal customer creditcardco reward program feels like one sided deal annual fee keeps increasing rewards keep shrinking unbalanced,0.0007229896727949381,0.9497697353363037,0.04609556123614311,0.0017930218018591404,0.0016186616849154234,reward programme
receiving reminder carrier pigeon creditcardco might charming practical today fast paced world slowandinefficient,0.8257298469543457,0.08822757005691528,0.028925864025950432,0.03300394117832184,0.024112774059176445,notification system
receiving reminder telegrams creditcardco feels like scene period drama let move century shall telegraphtroubles,0.9761279225349426,0.0113357063382864,0.0025303764268755913,0.007650863379240036,0.002355117816478014,notification system
shame creditcardco preying retired pensioners limited income sold product drained savings leaving struggling make ends meet financialexploitation misselling,0.0016791897360235453,0.0026464283000677824,0.9787338376045227,0.0013618551893159747,0.015578699298202991,misselling
shame creditcardco preying retired pensioners limited income sold product drained savings leaving struggling make ends meet financialexploitation misselling,0.0016791897360235453,0.0026464283000677824,0.9787338376045227,0.0013618551893159747,0.015578699298202991,misselling
reminder calls creditcardco always automated lack personalized information easy ignore forget roboticreminders,0.8732059001922607,0.016309021040797234,0.02420935407280922,0.07297006249427795,0.013305708765983582,notification system
reminder messages creditcardco generic catch attention anymore need something engaging memorable lacklusterreminders,0.8446487188339233,0.05278918519616127,0.03726399689912796,0.034727610647678375,0.03057042695581913,notification system
tired relying creditcardco reminder system unreliable caused accrue unnecessary late fees inaccuratereminders,0.9816430807113647,0.0028341200668364763,0.012406633235514164,0.001747117261402309,0.0013689597835764289,notification system
trying reach customer suppo inquire reward points keep transferring one depament another creditcardco get act together customerservicefail,0.001008935971185565,0.36716753244400024,0.0006906491471454501,0.630652666091919,0.00048016366781666875,client support
trying redeem reward points flight creditcardco blackout dates restrictions make nearly impossible find suitable time redemptionhurdles,0.0021007508039474487,0.9939390420913696,0.0013848701491951942,0.001309336512349546,0.0012660394422709942,reward programme
creditcardco reminder emails straight spam folder causing miss due dates needs fixed asap emailfail,0.904472827911377,0.009977051056921482,0.027090132236480713,0.05404914170503616,0.004410868976265192,notification system
disgusted creditcardco targeting retired pensioners low income selling high cost products afford exploiting vulnerable individuals despicable misselling,0.0011622670572251081,0.0026778611354529858,0.8865643739700317,0.001321178744547069,0.10827426612377167,misselling
disgusted creditcardco targeting retired pensioners low income selling high cost products afford exploiting vulnerable individuals despicable misselling,0.0011622670572251081,0.0026778611354529858,0.8865643739700317,0.001321178744547069,0.10827426612377167,misselling
feeling frustrated creditcardco reward program points expire quickly making impossible save meaningful redemption shoexpiration,0.001512900460511446,0.9937001466751099,0.0024773378390818834,0.0012043711030855775,0.001105253235436976,reward programme
finally managed redeem reward points weeks back foh creditcardco customer service process complicated redemptionstruggles,0.0005901272525079548,0.44219791889190674,0.0004960388760082424,0.55626380443573,0.0004520306538324803,client support
hey creditcardco adveise amazing rewards offer limited availability feels like bait switch tactic falsepromises,0.0007308356580324471,0.38630083203315735,0.6119149327278137,0.0005853071925230324,0.0004680972488131374,misselling
received fax creditcardco reminder please enter digital age faxinthedigitalera,0.9647293090820312,0.020238686352968216,0.0023699000012129545,0.008963660337030888,0.0036986207123845816,notification system
trusted creditcardco took advantage trust sold ridiculously expensive product could gotten much less elsewhere exploitation misselling,0.00039602082688361406,0.0007357207359746099,0.3794291913509369,0.0005351367872208357,0.6189039349555969,product pricing
creditcardco reminder system send notifications day due date enough time make payment lastminutereminders,0.9960553646087646,0.0012845639139413834,0.0007165673305280507,0.0011380608193576336,0.000805435236543417,notification system
creditcardco sending reminders via fax relic past time catch modern communication methods faxfail,0.9701516032218933,0.008419270627200603,0.003460666863247752,0.013201607391238213,0.0047669121995568275,notification system
apologize confusion caused misleading customer communication committed providing accurate reliable information customers feedback valuable helping achieve goal transparentmessaging,0.08610190451145172,0.05592736974358559,0.34989744424819946,0.4674125909805298,0.040660664439201355,client support
appreciate feedback misleading customer communication rest assured committed providing clear accurate information customers ensuring transparency trust thank raising concern clearandtrustwohymessaging,0.041719935834407806,0.02175840362906456,0.45511680841445923,0.45880916714668274,0.022595638409256935,client support
hey creditcardco changing rewards program accumulated points unfair bait switch loyal customers rewardsmanipulation,0.0011059275129809976,0.4641556143760681,0.5312967896461487,0.0026781305205076933,0.0007635507499799132,misselling
apologize inconvenience caused timing communication feedback valuable working diligently improve communication strategies better meet needs improvedtiming,0.260568231344223,0.1787218302488327,0.14703932404518127,0.3102177381515503,0.10345291346311569,client support
impressed exceptional rewards rate creditcardco satisfying earn rewards everyday purchases rewardsgalore,0.0017010403098538518,0.9936627745628357,0.0013112006708979607,0.001483381725847721,0.0018416770035400987,reward programme
dear creditcardco consider adding customizable payment reminder notifications allowing users set preferred dates times paymentreminders,0.9857949614524841,0.0039050797931849957,0.0017429107101634145,0.00627551507204771,0.0022814658004790545,notification system
hey creditcardco automated phone call reminder system upcoming payments would great sometimes texts emails get overlooked paymentreminders,0.9854560494422913,0.0024342816323041916,0.0018635592423379421,0.008388244546949863,0.0018577711889520288,notification system
hats creditcardco proactive communication upcoming changes credit card terms conditions provided comprehensive explanation ensuring transparency well done termsandconditions,0.8523899912834167,0.011805042624473572,0.004272115416824818,0.1290656477212906,0.0024673377629369497,notification system
notification creditcardco changes account arrived changes already taken effect timeliness crucial untimelycommunication,0.9612466096878052,0.01145510096102953,0.00894162617623806,0.009677703492343426,0.008679010905325413,notification system
credit card rewards earned creditcardco expired could redeem frustrating feels like waste expiredrewards,0.0007406154181808233,0.9967514276504517,0.0013966546393930912,0.0005826176493428648,0.0005286465166136622,reward programme
apologize incorrect reward points balance card team rectifying issue ensure accurate balance reflected thank patience rewardpoints,0.0044409590773284435,0.8973772525787354,0.005849337205290794,0.08904031664133072,0.0032922415994107723,reward programme
tired creditcardco misleading rewards program adveise fantastic benefits nearly impossible redeem emptypromises,0.000561163411475718,0.4995460510253906,0.4990733563899994,0.0004273800295777619,0.00039209876558743417,reward programme
apologize confusion regarding credit card rewards redemption process customer suppo team guide steps address concerns redeemrewards,0.0008447478758171201,0.15089485049247742,0.00047140082460828125,0.8472409844398499,0.0005480268155224621,client support
received promotional email creditcardco limited time offer expired even read improve timing please missedoppounity,0.7321487665176392,0.2216031849384308,0.03274388611316681,0.004278311971575022,0.009225896559655666,notification system
understand impoance timely communication feedback valuable actively working enhance timing messages better serve thank patience improvedtiming,0.29173803329467773,0.19557228684425354,0.14326298236846924,0.2877720892429352,0.08165455609560013,notification system
tired creditcardco complex confusing rewards program nearly impossible understand maximize benefits complicatedrewards,0.0014187765773385763,0.9937286376953125,0.002546487608924508,0.001186678884550929,0.0011194741819053888,reward programme
hey creditcardco consider implementing missed payment ale system notifies customers immediately payment overlooked helping avoid late fees paymentreminders,0.8619042038917542,0.0018352539045736194,0.0023893113248050213,0.13285814225673676,0.0010131146991625428,notification system
shoutout creditcardco stellar response credit card reward redemption problem promptly resolved issue received redeemed rewards without hassle thank valuing customers rewardprogram,0.05651417374610901,0.3504406809806824,0.0003553438582457602,0.5923920273780823,0.0002978760749101639,client support
trying redeem rewards points creditcardco months redemption process overly complicated time consuming redemptionfrustration,0.0011718820314854383,0.995120644569397,0.0012449000496417284,0.0014818909112364054,0.0009806860471144319,reward programme
understand impoance timely billing information team addressing delay issue ensure next statement delivered promptly thank patience timelycommunication,0.25260570645332336,0.08676840364933014,0.08526480942964554,0.48778796195983887,0.0875730961561203,client support
impressed rewards structure new credit card schemes introduced creditcardco seem offer excellent incentives cardholders rewardsprogram,0.0018454575911164284,0.9930210709571838,0.001523026847280562,0.0019032598938792944,0.0017071900656446815,reward programme
kudos creditcardco transparent communication credit limit increase process clear explanations requirements make easier customers transparentcommunication,0.16377797722816467,0.1209387257695198,0.09178407490253448,0.5386270880699158,0.08487216383218765,client support
dear creditcardco offering option receive payment reminders via whatsapp popular messaging apps would convenient customers paymentreminders,0.7900931239128113,0.007044374942779541,0.004595363512635231,0.19454039633274078,0.0037266616709530354,notification system
suggestion creditcardco consider introducing voice enabled sma speaker reminders payment due dates offering innovative hands free approach paymentreminders,0.9850872755050659,0.004340711049735546,0.0017505581490695477,0.005357793532311916,0.0034635798074305058,notification system
dear creditcardco allowing customers choose preferred mode payment reminder communication email text phone call would cater diverse preferences paymentreminders,0.5349665284156799,0.00268679135479033,0.001538376440294087,0.4595377743244171,0.0012705875560641289,notification system
hey creditcardco opted paper statements receive payment reminders often arrive late arrive defeats purpose reminders please ensure timely consistent delivery latestatements paymentreminders,0.8958271145820618,0.004052756819874048,0.0071180141530931,0.09065786749124527,0.0023442504461854696,notification system
creditcardco push notifications payment reminders mobile app working properly rely inconsistent sometimes show please fix issue pushnotificationproblem paymentreminders,0.9533826112747192,0.00353226438164711,0.001305310637690127,0.040828339755535126,0.000951525173150003,notification system
hey creditcardco appreciate effo payment reminder emails content vague would helpful include specific amount due due date subject line quick reference clearemails paymentreminders,0.9106305241584778,0.003442675806581974,0.004020439926534891,0.07959046214818954,0.002315857680514455,notification system
dear creditcardco text message reminders lack impoant details like minimum payment amount due date confusing leaves unsure pay please provide complete information incompletetexts paymentreminders,0.7640877366065979,0.0015140221221372485,0.007348501123487949,0.22581788897514343,0.001231807516887784,notification system
creditcardco prefer receiving payment reminders via phone call automated system allow speak representative makes difficult address concerns questions nohumaninteraction paymentreminders,0.8400741219520569,0.004400800447911024,0.003399846376851201,0.14891906082630157,0.003206088673323393,notification system
hey creditcardco trying reach suppo team day luck anyone,0.02487526275217533,0.026591777801513672,0.011821813881397247,0.9302459955215454,0.006465145852416754,client support
creditcardco hold hour customer suppo complete disaster,0.0010841975454241037,0.001304955454543233,0.0016996124759316444,0.9952870011329651,0.0006243056850507855,client support
got phone creditcardco suppo hour long wait solution provided customerservicefail,0.0023351649288088083,0.0020827215630561113,0.001147899660281837,0.993385910987854,0.0010483358055353165,client support
creditcardco lack response urgent issue extremely disappointing actual suppo,0.06991160660982132,0.005424380302429199,0.004218348767608404,0.9175395965576172,0.002906056586652994,client support
another day another ignored suppo ticket creditcardco even listening customers,0.003635578090324998,0.0017798313638195395,0.002461849944666028,0.9911044239997864,0.0010183202102780342,client support
trying reach creditcardco suppo feels like talking wall zero helpful assistance provided,0.005516048986464739,0.00823049247264862,0.005617348477244377,0.9761747121810913,0.0044614593498408794,client support
seriously considering canceling card creditcardco customer suppo nonexistent,0.005246535409241915,0.00956611055880785,0.026210565119981766,0.9555515050888062,0.0034253429621458054,client support
shoutout creditcardco worst suppo experience ever resolution wasted hours time,0.0019230569014325738,0.005401299800723791,0.0064143287017941475,0.9848734140396118,0.00138789729680866,client support
hey creditcardco already loyal customer keep bombarding credit card offers focus retention unnecessary acquisitions customerneglect,0.04445647448301315,0.22643467783927917,0.6161099076271057,0.07750637084245682,0.035492535680532455,misselling
contacted creditcardco repo fraudulent activity customer service dismissive unhelpful poorfraudsuppo,0.00313718244433403,0.002015205565840006,0.0015878797275945544,0.9918787479400635,0.0013808972435072064,client support
received credit card excessive credit limit creditcardco even though clearly stated income limitations listen irresponsiblelending,0.05923701450228691,0.06193596124649048,0.8024821877479553,0.04661763831973076,0.029727207496762276,misselling
sorry confusion caused credit card installment plan terms customer suppo team provide detailed explanation assist queries installmentplan,0.0009089233353734016,0.001056933426298201,0.0008740886696614325,0.9965223073959351,0.0006377827958203852,client support
hey creditcardco already informed multiple times interested credit card stop wasting paper resources persistentmarketing,0.8865863084793091,0.02678416483104229,0.01058848574757576,0.07132694125175476,0.0047141388058662415,notification system
huge thanks creditcardco dedicated team assisted credit card fraud case took immediate action reversed unauthorized charges reinforced trust security measures fraudprotection,0.0016260528936982155,0.0015288138529285789,0.0007891281275078654,0.9949678778648376,0.0010880925692617893,client support
thrilled latest credit card schemes unveiled creditcardco refreshing see bringing new oppounities benefits cardholders excitingtimes,0.09911651909351349,0.6155537366867065,0.06299649924039841,0.09130002558231354,0.13103319704532623,reward programme
excited learn upcoming credit card schemes creditcardco essential delve deeper fine print analyze practicality financialnews,0.07966402918100357,0.49347591400146484,0.08220706880092621,0.06833633035421371,0.2763165831565857,reward programme
big thanks creditcardco fraud protection measures feel secure knowing vigilant monitoring preventing unauthorized activity peaceofmind,0.3956735134124756,0.13633373379707336,0.10285083204507828,0.2708689272403717,0.09427305310964584,notification system
credit card debt become burden managed properly impoant create budget develop repayment plan avoid financial strain debtmanagement,0.203531876206398,0.21919889748096466,0.2427557408809662,0.17681549489498138,0.15769803524017334,misselling
feeling deceived creditcardco marketing promised generous cashback program riddled hidden terms conditions misleadingads,0.0007186329457908869,0.423365980386734,0.5747560262680054,0.0006253803730942309,0.0005339871859177947,misselling
shocked sky high interest rates creditcardco like want customers drown debt unreasonablerates,0.06502673029899597,0.05839058756828308,0.7617588043212891,0.04396512359380722,0.07085873931646347,misselling
credit card schemes announced creditcardco seem promising however wait feedback users expes get comprehensive understanding waitandwatch,0.08190693706274033,0.4327014684677124,0.17370255291461945,0.2638269066810608,0.04786207899451256,reward programme
apologize error credit card statement team working rectify ensure correct charges reflected thank understanding accuratestatements,0.005724769551306963,0.0048220520839095116,0.003918792121112347,0.980606198310852,0.004928094334900379,client support
credit cards provide convenient way make online purchases crucial stay vigilant protect personal information fraud onlinesecurity,0.2909177541732788,0.2642666697502136,0.09540063887834549,0.12349380552768707,0.22592107951641083,notification system
thanks credit card cashback program able save money everyday purchases like getting bonus every month cashback,0.002122739562764764,0.9925426840782166,0.0013755046529695392,0.0015820888802409172,0.0023769643157720566,reward programme
sorry inconvenience caused unauthorized transaction credit card fraud team already investigating matter take necessary action securitymatters,0.01993950456380844,0.01033143699169159,0.005493229255080223,0.9583216905593872,0.005914193578064442,client support
kudos creditcardco exceptional problem solving skills addressed credit card pin issue promptly guided process setting new pin thank seamless experience customersuppo,0.001099762856028974,0.0018600823823362589,0.0007833834970369935,0.9955291152000427,0.0007276386022567749,client support
kudos creditcardco seamless integration digital wallets incredibly convenient make secure quick payments phone digitalsimplicity,0.18483997881412506,0.2896580696105957,0.1633433848619461,0.17749235033988953,0.18466629087924957,reward programme
late payment fees creditcardco unreasonable instead helping customers punish small oversight unfairpenalties,0.1743801385164261,0.10662363469600677,0.18493622541427612,0.42282170057296753,0.1112382560968399,client support
credit card offers great travel perks like airpo lounge access travel insurance making trips even enjoyable travelbenefits,0.011828488670289516,0.9460693597793579,0.007564582861959934,0.012451018206775188,0.022086555138230324,reward programme
credit card terms conditions creditcardco intentionally vague confusing took advantage lack understanding unfaircontract,0.005583587568253279,0.05928753688931465,0.925163209438324,0.005355623085051775,0.004610029514878988,misselling
way creditcardco structures billing cycles designed trap customers paying late unethical unfair manipulativebilling,0.13411837816238403,0.08527787029743195,0.6261073350906372,0.08017628639936447,0.07432010769844055,misselling
tired creditcardco constant promotional offers flooding mailbox overwhelming wasteful excessivemarketing,0.11235722154378891,0.4815443456172943,0.31308695673942566,0.04464069381356239,0.04837078973650932,reward programme
creditcardco steep penalty fees minor late payments feels like punishing customers rather providing suppo unjustfees,0.05437471717596054,0.04774750396609306,0.6271108984947205,0.23093801736831665,0.039828889071941376,misselling
received credit card offer creditcardco enticing benefits fine print reveals numerous restrictions exclusions hiddenterms,0.034863535314798355,0.203370600938797,0.708893895149231,0.02850157581269741,0.024370381608605385,misselling
credit card website creditcardco slow glitchy frustrating trying manage account online websiteissues,0.07291781902313232,0.7156934142112732,0.05921459570527077,0.09381861239671707,0.05835561454296112,reward programme
default interest rate creditcardco borderline usurious profiting people financial hardships exploitativepractices,0.15320615470409393,0.16798363626003265,0.2942517101764679,0.16552768647670746,0.21903079748153687,misselling
feedback valuable apologize inconvenience caused assure taking immediate steps rectify situation customerfeedback,0.017449378967285156,0.015023699030280113,0.012240254320204258,0.9453279972076416,0.009958673268556595,client support
feedback valuable apologize inconvenience caused assure taking immediate steps rectify situation customerfeedback,0.017449378967285156,0.015023699030280113,0.012240254320204258,0.9453279972076416,0.009958673268556595,client support
interest rate creditcardco keeps increasing even though never missed payment frustrating feels like punishment unjustifiedratehike,0.051424991339445114,0.04385485127568245,0.8125805258750916,0.04367373138666153,0.04846583679318428,misselling
loyal customer creditcardco years refuse increase credit limit despite excellent payment history stagnantlimit,0.037306442856788635,0.039994046092033386,0.3922892212867737,0.5041460394859314,0.026264259591698647,client support
credit card offer received creditcardco addressed deceased parent insensitive thoughtless targeting insensitivemarketing,0.04422903433442116,0.2271088808774948,0.6996142864227295,0.01841595582664013,0.010631863959133625,misselling
creditcardco persuade switch card offering sign bonus deny bonus meeting requirements baitandswitch,0.0007889093249104917,0.09437141567468643,0.90355384349823,0.0007010374101810157,0.0005847791908308864,misselling
beware creditcardco misleading interest rate offers low introductory rate quickly skyrockets leaving unexpected charges falsepromises,0.0038692615926265717,0.0013963088858872652,0.9903973937034607,0.0006841731374152005,0.0036528254859149456,misselling
barclaysukhelp askpaypal either please explain paypal account authorised payment using expired card,0.010453620925545692,0.016651557758450508,0.008213439024984837,0.9602223038673401,0.004459085874259472,client support
barclaysukhelp youre nice action dont even know account locked dont means get branch use online much new card ordered wallasey branch days registered app says still,0.011214561760425568,0.008653848432004452,0.0012630592100322247,0.977771520614624,0.0010970266303047538,client support
onthewight aists challenge isle wight festival credit card sponsor barclaycard fossil fuel investments https,0.01659918762743473,0.9084400534629822,0.038632750511169434,0.022579705342650414,0.013748378492891788,reward programme
yesterday met team barclaysuk concerned going creeping bank closures high streets adding card society hopeful confirm soon post customers say deeply convinced work hope https rcqai,0.06282364577054977,0.36481067538261414,0.031346432864665985,0.5253095030784607,0.015709729865193367,client support
barclays since already sent information barclays reason think received could make purchases cards literally credit card company issues pretty much every one fixes stuff instantly,0.12934498488903046,0.042364701628685,0.0178275965154171,0.7868674993515015,0.02359524369239807,client support
barclaysukhelp itsstillsmee words however getting letter tomorrow telling interest rates mortgage credit card gone modern day highwaymen,0.1817322075366974,0.0024793953634798527,0.012398005463182926,0.8016595840454102,0.0017307786038145423,client support
barclaysukhelp new customer company waited days card amp pin arrived today full days opened account tried download app amp downloading could soon back natwest rate,0.0011997038964182138,0.003513198345899582,0.00048645507195033133,0.9939007759094238,0.0008998790290206671,client support
lot come guardian lloydsbank hsbc barclays tescobanknews sold debts knew contaminated ppi mis selling laid house debt collector credit card customers realised liable debt,0.002518658060580492,0.0014657123247161508,0.9918418526649475,0.002507369499653578,0.0016663891728967428,misselling
thinks banks barclays pay customers least every hour online services inaccessible closed many branches thank goodness credit card today invoice inconvenience,0.24185563623905182,0.09185893088579178,0.03655608743429184,0.6019330024719238,0.02779635600745678,client support
barclaysuk rang call centre reset card pin card reader still saying blocked long card reader gives option put pin,0.00262367888353765,0.0036672072019428015,0.00192262080963701,0.9905278086662292,0.0012586780358105898,client support
barclaysuk barclaycard customer going abroad card expire wasted hour phone get replacement card arrived expiry date useless secure messaging chat available complained heard nothing twitter bravo,0.03010915406048298,0.003377965884283185,0.0018877660622820258,0.9637556076049805,0.0008695300784893334,client support
hey barclays thanks stopping old bank card new one arrived really helpful trying buy food,0.013234882615506649,0.041409384459257126,0.007973603904247284,0.9237952828407288,0.013586881570518017,client support
martinslewis itvmlshow message barclays reward card change foreign transactions august,0.029427632689476013,0.9637171030044556,0.0031732209026813507,0.0018644995288923383,0.0018175160512328148,reward programme
barclaysukhelp yeah time address got updated amp card ordered thing got card delivered pin device requested replacement via online services,0.007145088165998459,0.005114628002047539,0.0008103678119368851,0.9858455061912537,0.0010843747295439243,client support
barclays people barclays bank help matter cash cows banks need harder screw best saving rate high street bank best credit card interest rate overdraft rate https zwabb,0.04085136950016022,0.23108047246932983,0.08438999205827713,0.6149027943611145,0.028775298967957497,client support
frontiercare ready cancel barclays guys try hard get passengers sign onto credit card totally dick around made payment credit card week ago money left bank acct last week,0.03281159698963165,0.014706538058817387,0.5943969488143921,0.3542437255382538,0.0038411885034292936,misselling
changed credit limit received text said struggle use debit card stay limit peak spending times could higher lower limit never defaulted paying statement,0.9321931004524231,0.004643091931939125,0.004861443303525448,0.0559668242931366,0.0023354613222181797,notification system
barclaycard martinslewis year old mum savings credit limit cut barclaycard regular payments going account mortgage loan repayments solvent policy makes sense please explain,0.3476892411708832,0.07112745940685272,0.08705610036849976,0.4343620240688324,0.05976516380906105,client support
dguillaume barclaycard sxa taking long supported practically every bank credit card company,0.026067569851875305,0.08199894428253174,0.03339194506406784,0.8367579579353333,0.02178358845412731,client support
barclaysukhelp information sent refers platinum card reward card astonished record date global alliance ceased,0.02918337471783161,0.6331271529197693,0.0016068771947175264,0.3354005217552185,0.0006820242269895971,reward programme
barclaysukhelp referring debit card barclaycard reward visa credit card,0.0029261577874422073,0.9201086759567261,0.0039183455519378185,0.07118131965398788,0.0018654611194506288,reward programme
castellinda terrible customer service barclays jetblue card mastercard minutes explain reps reverse fees,0.0011103537399321795,0.005786038003861904,0.001153574325144291,0.9909884929656982,0.0009614904993213713,client support
barclays open basic current account online email anything card sent,0.43581756949424744,0.08779528737068176,0.03180232271552086,0.4241112172603607,0.02047363482415676,notification system
keithbevan credit card companies cancel interest months would help barclays amex,0.08639348298311234,0.2582896649837494,0.11599850654602051,0.49885237216949463,0.04046599194407463,client support
barclaysukhelp zoe spoke multiple people day saturday including still ability pay bills transfer money promise call back account inaccessible apart using debit card really enough left hanging,0.007689636200666428,0.005462901666760445,0.005563419312238693,0.9775482416152954,0.0037358079571276903,client support
barclaysukhelp opened young persons account never even received debit card months,0.01805865205824375,0.010078856721520424,0.019728800281882286,0.9464479088783264,0.00568584818392992,client support
barclaysukhelp recently applied barclays business account slight hiccup start got past finally got card pin needed call one piece info missing spoke ekaterina sorted everything professional polite,0.0027841259725391865,0.0017910264432430267,0.000532507139723748,0.9942713379859924,0.0006210067658685148,client support
barclaysuk actually pay back money monthly get charged extra get rejected card laughable well wanted get avios points,0.00283729936927557,0.6809746026992798,0.30456069111824036,0.002268800977617502,0.009358580224215984,reward programme
simonpulleyn thetimes credit card company fail cancel account wrote wrote second time relevant gov office complied barclays,0.10865550488233566,0.20718567073345184,0.15524747967720032,0.47724243998527527,0.05166887119412422,client support
barclaysukhelp dropped direct messages heard back still service trying use app pay bills transfer money debit card works pay bills either mine husbands account,0.03229280188679695,0.004147174768149853,0.004408923909068108,0.955747127532959,0.0034040354657918215,client support
barclaysuk written wife say regrettably reduce credit limit think stuck somewhere needs use card card years thanks nothing barclays absolute wankers,0.37283414602279663,0.058981072157621384,0.16666612029075623,0.3521624207496643,0.049356162548065186,notification system
jetblue applied jetblue plus barclays card points offer spend first days see points called barclays say points offer said honor offer,0.007583661936223507,0.9825832843780518,0.006957463454455137,0.0015120678581297398,0.0013635469367727637,reward programme
barclaysukhelp staff cancelled elderly grand mothers card leaving unable pay super disgusting mum getting staff cutting calls english speaking call center staff poor move bank whole family,0.002479484071955085,0.0021772002801299095,0.0025037864688783884,0.9912857413291931,0.0015538514126092196,client support
jennibuttonusa sarahliz adamundefined cracking birthday thread credit cards anyone know kept chase southwest card whole time ramsey two chase cards barclays american almost covered flights italy summer,0.07772443443536758,0.5963019728660583,0.1941179633140564,0.07016415894031525,0.06169150024652481,reward programme
hello thanks post sorry hear application card rejected assure lot taken consideration decision made take info credit file make sure meet eligibility card,0.07560539990663528,0.03357194736599922,0.028525225818157196,0.8424583077430725,0.01983913965523243,client support
